Order_ID,Date,Category,Product,Unit_Price,Quantity,City,Payment_Method,Total_Sales,Month,Year
1000,2025-11-15,Clothing,T-Shirt,478,2,Bangalore,Credit Card,956,November,2025
1001,2025-11-24,Clothing,Jeans,1516,5,Chennai,Debit Card,7580,November,2025
1002,2025-04-05,Home,Bedsheet,934,5,Mumbai,UPI,4670,April,2025
1003,2025-06-05,Home,Vase,380,3,Pune,Cash on Delivery,1140,June,2025
1004,2025-01-24,Home,Curtains,1236,3,Hyderabad,Credit Card,3708,January,2025
1005,2025-05-07,Electronics,Headphones,1979,5,Mumbai,Cash on Delivery,9895,May,2025
1006,2025-08-17,Clothing,T-Shirt,502,5,Mumbai,Cash on Delivery,2510,August,2025
1007,2025-03-17,Home,Lamp,834,5,Bangalore,Debit Card,4170,March,2025
1008,2025-06-20,Clothing,T-Shirt,504,3,Mumbai,Debit Card,1512,June,2025
1009,2025-12-17,Electronics,Laptop,45031,2,Chennai,Debit Card,90062,December,2025
1010,2025-01-08,Home,Bedsheet,887,1,Bangalore,UPI,887,January,2025
1011,2025-12-09,Clothing,Jeans,1524,5,Hyderabad,Credit Card,7620,December,2025
1012,2025-10-05,Home,Bedsheet,876,3,Bangalore,Cash on Delivery,2628,October,2025
1013,2025-08-17,Home,Vase,362,2,Hyderabad,Cash on Delivery,724,August,2025
1014,2025-11-26,Electronics,Keyboard,1161,4,Hyderabad,Cash on Delivery,4644,November,2025
1015,2025-12-31,Home,Bedsheet,873,4,Delhi,Debit Card,3492,December,2025
1016,2025-12-30,Electronics,Keyboard,1167,3,Pune,Debit Card,3501,December,2025
1017,2025-09-26,Clothing,Jeans,1520,4,Pune,UPI,6080,September,2025
1018,2025-11-17,Clothing,Jeans,1519,3,Bangalore,Debit Card,4557,November,2025
1019,2025-03-17,Home,Curtains,1197,2,Hyderabad,Cash on Delivery,2394,March,2025
1020,2025-02-16,Clothing,Jeans,1544,1,Hyderabad,Debit Card,1544,February,2025
1021,2025-09-15,Home,Vase,388,2,Mumbai,Credit Card,776,September,2025
1022,2025-09-15,Clothing,Sneakers,2547,1,Mumbai,Cash on Delivery,2547,September,2025
1023,2025-09-20,Clothing,Sneakers,2503,2,Hyderabad,Credit Card,5006,September,2025
1024,2025-09-15,Clothing,Jacket,3019,3,Pune,UPI,9057,September,2025
1025,2025-04-27,Electronics,Keyboard,1246,2,Bangalore,Cash on Delivery,2492,April,2025
1026,2025-10-11,Clothing,T-Shirt,545,5,Pune,UPI,2725,October,2025
1027,2025-02-09,Electronics,Laptop,45037,4,Mumbai,Credit Card,180148,February,2025
1028,2025-04-10,Electronics,Mouse,488,4,Chennai,UPI,1952,April,2025
1029,2025-08-02,Electronics,Keyboard,1152,5,Chennai,Credit Card,5760,August,2025
1030,2025-02-10,Home,Bedsheet,880,1,Bangalore,Cash on Delivery,880,February,2025
1031,2025-06-29,Home,Curtains,1240,5,Mumbai,Cash on Delivery,6200,June,2025
1032,2025-03-21,Electronics,Mouse,452,4,Delhi,Cash on Delivery,1808,March,2025
1033,2025-06-10,Home,Curtains,1222,1,Delhi,Cash on Delivery,1222,June,2025
1034,2025-12-29,Clothing,Jacket,2959,3,Bangalore,Credit Card,8877,December,2025
1035,2025-07-14,Home,Bedsheet,866,3,Pune,Debit Card,2598,July,2025
1036,2025-12-01,Electronics,Keyboard,1246,2,Delhi,UPI,2492,December,2025
1037,2025-01-13,Electronics,Laptop,44956,5,Bangalore,UPI,224780,January,2025
1038,2025-09-24,Home,Bedsheet,867,5,,UPI,4335,September,2025
1039,2025-02-05,Home,Vase,412,5,Chennai,Debit Card,2060,February,2025
1040,2025-09-14,Home,Vase,427,2,Bangalore,Credit Card,854,September,2025
1041,2025-06-07,Home,Bedsheet,926,4,Mumbai,Credit Card,3704,June,2025
1042,2025-07-22,Clothing,Sneakers,2527,5,Bangalore,Credit Card,12635,July,2025
1043,2025-12-14,Electronics,Keyboard,1212,3,Delhi,UPI,3636,December,2025
1044,2025-12-15,Home,Bedsheet,871,1,Chennai,Debit Card,871,December,2025
1045,2025-08-12,Electronics,Mouse,457,1,Chennai,Cash on Delivery,457,August,2025
1046,2025-08-25,Clothing,Jeans,1453,5,Chennai,Cash on Delivery,7265,August,2025
1047,2025-02-25,Home,Vase,438,4,Hyderabad,Debit Card,1752,February,2025
1048,2025-05-30,Home,Curtains,1169,5,Bangalore,Debit Card,5845,May,2025
1049,2025-01-25,Clothing,Jacket,3037,3,Pune,Debit Card,9111,January,2025
1050,2025-02-14,Home,Bedsheet,868,5,Chennai,UPI,4340,February,2025
1051,2025-01-10,Home,Vase,398,2,Hyderabad,Debit Card,796,January,2025
1052,2025-09-25,Clothing,Jacket,2987,4,Bangalore,Credit Card,11948,September,2025
1053,2025-09-05,Clothing,T-Shirt,472,2,Pune,Debit Card,944,September,2025
1054,2025-09-04,Electronics,Keyboard,1153,2,Hyderabad,Cash on Delivery,2306,September,2025
1055,2025-02-13,Home,Lamp,814,1,Hyderabad,UPI,814,February,2025
1056,2025-07-13,Electronics,Headphones,2046,4,Bangalore,UPI,8184,July,2025
1057,2025-07-26,Home,Lamp,780,3,Bangalore,Credit Card,2340,July,2025
1058,2025-12-10,Home,Bedsheet,931,4,Hyderabad,UPI,3724,December,2025
1059,2025-09-10,Electronics,Laptop,44986,4,Pune,Credit Card,179944,September,2025
1060,2025-01-21,Electronics,Keyboard,1224,5,Hyderabad,Debit Card,6120,January,2025
1061,2026-01-01,Electronics,Keyboard,1250,2,Bangalore,Cash on Delivery,2500,January,2026
1062,2025-11-12,Home,Curtains,1209,1,Hyderabad,Debit Card,1209,November,2025
1063,2025-08-25,Home,Vase,412,5,Bangalore,Debit Card,2060,August,2025
1064,2025-10-06,Clothing,Sneakers,2461,3,Bangalore,Credit Card,7383,October,2025
1065,2025-12-29,Electronics,Laptop,45008,4,Bangalore,Cash on Delivery,180032,December,2025
1066,2025-11-26,Electronics,Keyboard,1243,1,Bangalore,Debit Card,1243,November,2025
1067,2025-03-15,Home,Vase,438,3,Mumbai,Cash on Delivery,1314,March,2025
1068,2025-03-18,Electronics,Mouse,466,3,Chennai,Cash on Delivery,1398,March,2025
1069,2025-08-29,Electronics,Headphones,1958,4,Hyderabad,Debit Card,7832,August,2025
1070,2025-10-15,Home,Lamp,849,2,Pune,UPI,1698,October,2025
1071,2025-11-15,Home,Lamp,832,2,Mumbai,Debit Card,1664,November,2025
1072,2025-01-19,Clothing,Jeans,1500,2,Hyderabad,Cash on Delivery,3000,January,2025
1073,2025-08-05,Electronics,Headphones,1994,1,Chennai,UPI,1994,August,2025
1074,2025-08-22,Home,Vase,374,2,Chennai,UPI,748,August,2025
1075,2025-06-04,Clothing,Jeans,1497,4,Bangalore,Credit Card,5988,June,2025
1076,2025-03-23,Clothing,Jacket,2992,1,Mumbai,Cash on Delivery,2992,March,2025
1077,2025-10-16,Home,Vase,366,5,Hyderabad,UPI,1830,October,2025
1078,2025-01-12,Electronics,Mouse,524,4,Mumbai,UPI,2096,January,2025
1079,2025-04-02,Clothing,T-Shirt,543,2,Bangalore,Cash on Delivery,1086,April,2025
1080,2025-12-24,Home,Bedsheet,919,5,Hyderabad,Credit Card,4595,December,2025
1081,2025-06-19,Electronics,Laptop,44956,4,Pune,Credit Card,179824,June,2025
1082,2025-05-14,Clothing,T-Shirt,450,2,Pune,Cash on Delivery,900,May,2025
1083,2025-08-21,Electronics,Headphones,2017,2,Chennai,Debit Card,4034,August,2025
1084,2025-05-15,Home,Vase,377,1,Chennai,UPI,377,May,2025
1085,2025-04-25,Clothing,Jacket,2998,2,Delhi,Debit Card,5996,April,2025
1086,2025-12-29,Clothing,T-Shirt,506,1,Bangalore,Credit Card,506,December,2025
1087,2025-10-19,Electronics,Laptop,44976,5,Chennai,Credit Card,224880,October,2025
1088,2025-06-28,Electronics,Keyboard,1163,2,Delhi,Debit Card,2326,June,2025
1089,2025-10-24,Clothing,T-Shirt,481,1,Bangalore,Credit Card,481,October,2025
1090,2025-06-16,Electronics,Keyboard,1183,5,Hyderabad,Cash on Delivery,5915,June,2025
1091,2025-09-13,Electronics,Headphones,1990,5,Delhi,Credit Card,9950,September,2025
1092,2025-10-06,Clothing,Jacket,3015,1,Delhi,Credit Card,3015,October,2025
1093,2025-10-17,Electronics,Mouse,462,4,Hyderabad,UPI,1848,October,2025
1094,2025-09-01,Electronics,Headphones,2013,2,Delhi,Debit Card,4026,September,2025
1095,2025-11-26,Clothing,Sneakers,2466,2,Delhi,Credit Card,4932,November,2025
1096,2025-06-30,Electronics,Headphones,2049,1,,UPI,2049,June,2025
1097,2025-12-18,Electronics,Mouse,469,1,Chennai,Credit Card,469,December,2025
1098,2025-09-13,Clothing,Jacket,3026,3,Bangalore,Cash on Delivery,9078,September,2025
1099,2025-02-23,Electronics,Mouse,456,3,Mumbai,Debit Card,1368,February,2025
1100,2025-06-10,Clothing,Jacket,2974,2,Bangalore,UPI,5948,June,2025
1101,2025-05-27,Home,Curtains,1230,5,Chennai,UPI,6150,May,2025
1102,2025-07-15,Electronics,Mouse,544,1,Chennai,UPI,544,July,2025
1103,2025-03-12,Electronics,Headphones,2001,5,Delhi,Cash on Delivery,10005,March,2025
1104,2025-03-23,Home,Lamp,840,4,Chennai,Cash on Delivery,3360,March,2025
1105,2025-07-05,Electronics,Mouse,502,1,Pune,Credit Card,502,July,2025
1106,2025-08-17,Home,Bedsheet,917,3,Bangalore,UPI,2751,August,2025
1107,2025-08-05,Home,Vase,404,4,Hyderabad,UPI,1616,August,2025
1108,2025-12-29,Electronics,Mouse,481,3,Bangalore,Credit Card,1443,December,2025
1109,2025-01-20,Clothing,Jacket,3038,4,Pune,Debit Card,12152,January,2025
1110,2025-06-17,Clothing,Jeans,1470,4,Mumbai,UPI,5880,June,2025
1111,2025-04-19,Home,Lamp,804,5,Chennai,UPI,4020,April,2025
1112,2025-11-25,Clothing,Jeans,1464,3,Delhi,Debit Card,4392,November,2025
1113,2025-12-29,Clothing,Sneakers,2452,2,Delhi,UPI,4904,December,2025
1114,2025-12-13,Home,Vase,444,2,Mumbai,UPI,888,December,2025
1115,2025-10-20,Home,Bedsheet,852,1,Delhi,Cash on Delivery,852,October,2025
1116,2025-10-02,Electronics,Laptop,45044,2,Bangalore,Cash on Delivery,90088,October,2025
1117,2025-03-20,Home,Bedsheet,901,1,Hyderabad,Credit Card,901,March,2025
1118,2025-07-28,Home,Vase,395,2,Delhi,Cash on Delivery,790,July,2025
1119,2025-04-12,Home,Vase,445,3,Mumbai,Debit Card,1335,April,2025
1120,2025-09-27,Home,Vase,376,3,Pune,UPI,1128,September,2025
1121,2025-02-05,Home,Curtains,1202,4,Bangalore,Credit Card,4808,February,2025
1122,2025-04-10,Electronics,Keyboard,1245,2,Pune,Debit Card,2490,April,2025
1123,2025-07-17,Clothing,T-Shirt,515,2,Pune,UPI,1030,July,2025
1124,2025-01-24,Clothing,T-Shirt,529,4,Mumbai,UPI,2116,January,2025
1125,2025-01-05,Home,Lamp,804,4,Pune,Debit Card,3216,January,2025
1126,2025-11-04,Electronics,Keyboard,1239,4,Delhi,Credit Card,4956,November,2025
1127,2025-08-30,Clothing,Jeans,1486,1,Bangalore,Debit Card,1486,August,2025
1128,2025-03-26,Home,Vase,395,1,Pune,Cash on Delivery,395,March,2025
1129,2025-08-17,Electronics,Headphones,1991,2,Mumbai,Credit Card,3982,August,2025
1130,2025-04-12,Electronics,Headphones,1981,5,Delhi,Cash on Delivery,9905,April,2025
1131,2025-01-28,Clothing,Jacket,3030,3,Chennai,UPI,9090,January,2025
1132,2025-03-28,Home,Bedsheet,891,4,Chennai,Debit Card,3564,March,2025
1133,2025-08-11,Clothing,Sneakers,2526,5,Chennai,UPI,12630,August,2025
1134,2025-12-25,Clothing,Jacket,2963,3,Delhi,UPI,8889,December,2025
1135,2025-09-05,Electronics,Mouse,485,4,Bangalore,Credit Card,1940,September,2025
1136,2025-04-22,Home,Vase,402,3,Delhi,Credit Card,1206,April,2025
1137,2025-07-25,Electronics,Laptop,44961,1,Delhi,Cash on Delivery,44961,July,2025
1138,2025-12-07,Clothing,T-Shirt,482,2,Chennai,UPI,964,December,2025
1139,2025-03-30,Clothing,Jacket,2968,4,Mumbai,Cash on Delivery,11872,March,2025
1140,2025-10-06,Electronics,Headphones,2029,5,Mumbai,Debit Card,10145,October,2025
1141,2025-10-26,Home,Vase,383,5,Delhi,Cash on Delivery,1915,October,2025
1142,2025-04-13,Clothing,Jeans,1489,5,Mumbai,Debit Card,7445,April,2025
1143,2025-01-09,Home,Lamp,839,2,Chennai,Credit Card,1678,January,2025
1144,2025-03-23,Clothing,Jeans,1533,3,Bangalore,UPI,4599,March,2025
1145,2025-10-03,Electronics,Mouse,465,4,Pune,Cash on Delivery,1860,October,2025
1146,2025-11-22,Clothing,Jeans,1491,5,Delhi,Cash on Delivery,7455,November,2025
1147,2025-10-02,Electronics,Mouse,468,5,Chennai,Credit Card,2340,October,2025
1148,2025-04-18,Home,Lamp,805,3,Pune,UPI,2415,April,2025
1149,2025-10-20,Home,Curtains,1155,3,Mumbai,Credit Card,3465,October,2025
1150,2025-09-04,Home,Curtains,1219,2,Hyderabad,UPI,2438,September,2025
1151,2025-11-30,Home,Bedsheet,931,4,Chennai,Credit Card,3724,November,2025
1152,2025-10-26,Home,Bedsheet,947,5,Hyderabad,Cash on Delivery,4735,October,2025
1153,2025-09-13,Clothing,T-Shirt,461,4,Hyderabad,Credit Card,1844,September,2025
1154,2025-02-27,Electronics,Keyboard,1177,1,Bangalore,UPI,1177,February,2025
1155,2025-10-29,Home,Bedsheet,862,3,Pune,Credit Card,2586,October,2025
1156,2025-01-24,Electronics,Keyboard,1152,3,Delhi,Credit Card,3456,January,2025
1157,2025-05-06,Clothing,T-Shirt,546,4,Mumbai,Debit Card,2184,May,2025
1158,2025-04-11,Electronics,Keyboard,1221,3,Mumbai,Debit Card,3663,April,2025
1159,2025-03-04,Home,Vase,373,5,Hyderabad,Credit Card,1865,March,2025
1160,2025-03-25,Home,Lamp,772,4,Hyderabad,UPI,3088,March,2025
1161,2025-04-10,Home,Vase,361,4,Pune,UPI,1444,April,2025
1162,2025-05-22,Electronics,Headphones,2045,4,Delhi,UPI,8180,May,2025
1163,2025-12-28,Clothing,T-Shirt,450,1,Mumbai,Debit Card,450,December,2025
1164,2025-08-28,Electronics,Mouse,546,4,Mumbai,Debit Card,2184,August,2025
1165,2025-12-20,Clothing,Jacket,2969,1,Mumbai,Credit Card,2969,December,2025
1166,2025-05-13,Home,Curtains,1197,5,Hyderabad,Cash on Delivery,5985,May,2025
1167,2025-08-21,Clothing,Jeans,1498,1,Bangalore,UPI,1498,August,2025
1168,2025-11-19,Clothing,Jacket,3041,1,Chennai,Cash on Delivery,3041,November,2025
1169,2025-10-18,Clothing,Jeans,1498,5,Chennai,Debit Card,7490,October,2025
1170,2025-02-14,Electronics,Headphones,2005,5,Mumbai,Cash on Delivery,10025,February,2025
1171,2025-04-03,Clothing,Jeans,1479,1,Delhi,Cash on Delivery,1479,April,2025
1172,2025-09-25,Clothing,T-Shirt,543,3,Chennai,Cash on Delivery,1629,September,2025
1173,2025-06-28,Electronics,Headphones,1966,3,Pune,Credit Card,5898,June,2025
1174,2025-05-12,Electronics,Keyboard,1195,2,Pune,Cash on Delivery,2390,May,2025
1175,2025-04-16,Clothing,T-Shirt,473,1,Delhi,Cash on Delivery,473,April,2025
1176,2025-08-12,Home,Bedsheet,853,3,Delhi,Cash on Delivery,2559,August,2025
1177,2025-09-09,Clothing,Jeans,1546,3,Hyderabad,UPI,4638,September,2025
1178,2025-04-22,Clothing,Sneakers,2455,2,Chennai,UPI,4910,April,2025
1179,2025-08-16,Clothing,Jacket,3028,1,Hyderabad,UPI,3028,August,2025
1180,2025-09-18,Electronics,Headphones,2050,2,Bangalore,Debit Card,4100,September,2025
1181,2025-12-04,Electronics,Laptop,45046,3,Chennai,UPI,135138,December,2025
1182,2025-08-14,Electronics,Laptop,44993,2,Bangalore,Credit Card,89986,August,2025
1183,2025-04-03,Electronics,Laptop,44993,4,Hyderabad,Credit Card,179972,April,2025
1184,2025-10-30,Home,Vase,440,3,Hyderabad,Credit Card,1320,October,2025
1185,2025-11-20,Clothing,Jacket,2956,1,Delhi,UPI,2956,November,2025
1186,2025-05-14,Electronics,Keyboard,1221,1,,Cash on Delivery,1221,May,2025
1187,2025-06-22,Clothing,Jeans,1496,1,Hyderabad,Debit Card,1496,June,2025
1188,2025-09-17,Home,Bedsheet,878,5,Chennai,UPI,4390,September,2025
1189,2025-04-28,Home,Curtains,1161,2,Hyderabad,Cash on Delivery,2322,April,2025
1190,2025-10-17,Clothing,Jeans,1486,4,Hyderabad,Debit Card,5944,October,2025
1191,2025-03-09,Clothing,Sneakers,2464,2,Bangalore,Debit Card,4928,March,2025
1192,2025-05-04,Clothing,T-Shirt,465,4,Bangalore,Cash on Delivery,1860,May,2025
1193,2025-12-28,Clothing,Jeans,1507,1,Chennai,Debit Card,1507,December,2025
1194,2025-07-29,Electronics,Headphones,2018,3,Hyderabad,UPI,6054,July,2025
1195,2025-05-20,Electronics,Keyboard,1218,4,Bangalore,UPI,4872,May,2025
1196,2025-09-18,Home,Lamp,821,2,Delhi,Credit Card,1642,September,2025
1197,2025-07-01,Clothing,Jeans,1476,3,Pune,UPI,4428,July,2025
1198,2025-09-23,Electronics,Headphones,1981,2,Bangalore,UPI,3962,September,2025
1199,2025-09-19,Clothing,Sneakers,2462,1,Delhi,Cash on Delivery,2462,September,2025
1200,2025-09-20,Home,Curtains,1187,2,Hyderabad,Cash on Delivery,2374,September,2025
1201,2025-02-05,Home,Curtains,1213,1,Hyderabad,Cash on Delivery,1213,February,2025
1202,2025-01-12,Electronics,Keyboard,1250,2,Mumbai,UPI,2500,January,2025
1203,2025-11-30,Electronics,Keyboard,1160,2,Pune,Cash on Delivery,2320,November,2025
1204,2025-01-02,Electronics,Keyboard,1200,4,Hyderabad,Cash on Delivery,4800,January,2025
1205,2025-01-28,Clothing,Jeans,1473,4,Bangalore,Debit Card,5892,January,2025
1206,2025-11-05,Clothing,Jacket,3004,3,Pune,Cash on Delivery,9012,November,2025
1207,2025-11-09,Electronics,Headphones,1961,4,Bangalore,Debit Card,7844,November,2025
1208,2025-05-16,Electronics,Headphones,2038,4,Mumbai,Credit Card,8152,May,2025
1209,2025-08-12,Electronics,Headphones,2045,5,,UPI,10225,August,2025
1210,2025-03-03,Home,Bedsheet,931,5,Mumbai,Cash on Delivery,4655,March,2025
1211,2025-03-06,Home,Curtains,1246,4,Delhi,UPI,4984,March,2025
1212,2025-11-29,Electronics,Mouse,534,3,Chennai,UPI,1602,November,2025
1213,2025-07-06,Clothing,T-Shirt,514,5,Pune,UPI,2570,July,2025
1214,2025-10-20,Electronics,Headphones,1950,2,Pune,Debit Card,3900,October,2025
1215,2025-11-02,Electronics,Mouse,521,4,Chennai,UPI,2084,November,2025
1216,2025-08-17,Home,Lamp,792,2,Chennai,Debit Card,1584,August,2025
1217,2025-06-17,Clothing,Jeans,1476,2,Chennai,UPI,2952,June,2025
1218,2025-11-07,Home,Lamp,811,1,Hyderabad,Credit Card,811,November,2025
1219,2025-03-03,Electronics,Laptop,45034,3,Hyderabad,UPI,135102,March,2025
1220,2025-06-05,Electronics,Mouse,514,3,Bangalore,Credit Card,1542,June,2025
1221,2025-12-24,Home,Curtains,1164,4,Chennai,Debit Card,4656,December,2025
1222,2025-10-04,Home,Bedsheet,891,4,Mumbai,Cash on Delivery,3564,October,2025
1223,2025-07-18,Electronics,Mouse,495,3,Mumbai,Debit Card,1485,July,2025
1224,2025-08-27,Home,Bedsheet,851,5,Pune,Credit Card,4255,August,2025
1225,2025-04-18,Clothing,Jeans,1473,1,Bangalore,UPI,1473,April,2025
1226,2025-07-21,Electronics,Keyboard,1225,3,Delhi,UPI,3675,July,2025
1227,2025-09-10,Electronics,Headphones,1978,2,Mumbai,Credit Card,3956,September,2025
1228,2025-01-13,Electronics,Keyboard,1233,3,Chennai,Credit Card,3699,January,2025
1229,2025-03-26,Clothing,Sneakers,2456,4,Mumbai,Credit Card,9824,March,2025
1230,2025-11-05,Clothing,T-Shirt,454,3,Chennai,UPI,1362,November,2025
1231,2025-07-08,Clothing,T-Shirt,522,2,Mumbai,Debit Card,1044,July,2025
1232,2025-01-06,Clothing,Jacket,2965,5,Chennai,Debit Card,14825,January,2025
1233,2025-10-26,Clothing,T-Shirt,548,1,Pune,Debit Card,548,October,2025
1234,2025-12-30,Electronics,Headphones,2021,4,Pune,Credit Card,8084,December,2025
1235,2025-10-26,Home,Curtains,1164,3,Hyderabad,Credit Card,3492,October,2025
1236,2025-12-13,Electronics,Laptop,45015,1,Hyderabad,Cash on Delivery,45015,December,2025
1237,2025-08-29,Clothing,Sneakers,2484,1,Delhi,Debit Card,2484,August,2025
1238,2025-06-29,Electronics,Mouse,538,2,Hyderabad,Debit Card,1076,June,2025
1239,2025-12-16,Clothing,T-Shirt,503,4,Bangalore,Debit Card,2012,December,2025
1240,2025-06-30,Electronics,Laptop,45011,3,Hyderabad,UPI,135033,June,2025
1241,2025-12-10,Clothing,Jeans,1525,5,Pune,Debit Card,7625,December,2025
1242,2025-11-15,Clothing,Jacket,2983,4,Pune,Cash on Delivery,11932,November,2025
1243,2025-11-08,Electronics,Keyboard,1167,4,Hyderabad,Credit Card,4668,November,2025
1244,2025-11-10,Clothing,Jacket,3042,4,Hyderabad,Credit Card,12168,November,2025
1245,2025-03-15,Home,Lamp,763,5,Hyderabad,Debit Card,3815,March,2025
1246,2025-03-04,Clothing,Jacket,3040,4,Bangalore,UPI,12160,March,2025
1247,2025-07-18,Electronics,Mouse,545,5,Mumbai,Debit Card,2725,July,2025
1248,2025-06-09,Electronics,Mouse,478,2,Delhi,Cash on Delivery,956,June,2025
1249,2025-11-15,Electronics,Keyboard,1222,1,Pune,Credit Card,1222,November,2025
1250,2025-08-25,Home,Curtains,1240,4,Delhi,Credit Card,4960,August,2025
1251,2025-08-10,Electronics,Mouse,460,4,Delhi,UPI,1840,August,2025
1252,2025-09-01,Clothing,Sneakers,2492,2,Mumbai,Debit Card,4984,September,2025
1253,2025-06-06,Clothing,T-Shirt,501,1,Delhi,UPI,501,June,2025
1254,2025-09-22,Home,Bedsheet,891,1,Mumbai,Debit Card,891,September,2025
1255,2025-04-29,Clothing,Jeans,1488,4,Bangalore,Credit Card,5952,April,2025
1256,2025-04-04,Electronics,Headphones,2024,1,Delhi,UPI,2024,April,2025
1257,2025-05-07,Electronics,Keyboard,1170,2,Pune,Credit Card,2340,May,2025
1258,2025-12-12,Home,Lamp,752,2,Mumbai,Debit Card,1504,December,2025
1259,2025-07-11,Clothing,Jeans,1493,1,Delhi,Credit Card,1493,July,2025
1260,2025-06-06,Clothing,T-Shirt,495,2,Delhi,Credit Card,990,June,2025
1261,2025-02-27,Clothing,Jeans,1479,4,Bangalore,Credit Card,5916,February,2025
1262,2025-05-13,Home,Curtains,1210,1,Pune,UPI,1210,May,2025
1263,2025-08-20,Clothing,Jacket,2960,4,Delhi,Credit Card,11840,August,2025
1264,2025-04-01,Home,Bedsheet,859,1,Bangalore,Debit Card,859,April,2025
1265,2025-09-28,Clothing,Jacket,2970,4,Chennai,UPI,11880,September,2025
1266,2025-02-20,Clothing,T-Shirt,474,5,Chennai,Credit Card,2370,February,2025
1267,2025-09-17,Electronics,Laptop,44951,4,Mumbai,Debit Card,179804,September,2025
1268,2025-09-07,Electronics,Keyboard,1182,3,Bangalore,Cash on Delivery,3546,September,2025
1269,2025-03-31,Home,Vase,397,3,Chennai,Cash on Delivery,1191,March,2025
1270,2025-05-06,Clothing,Jacket,2960,3,Bangalore,Credit Card,8880,May,2025
1271,2025-05-11,Home,Lamp,809,3,Delhi,Credit Card,2427,May,2025
1272,2025-02-06,Clothing,Jacket,3050,5,Delhi,Debit Card,15250,February,2025
1273,2025-01-03,Clothing,Jacket,2984,4,Bangalore,Debit Card,11936,January,2025
1274,2025-04-05,Electronics,Headphones,1980,1,Mumbai,Credit Card,1980,April,2025
1275,2025-11-15,Clothing,T-Shirt,485,1,Delhi,UPI,485,November,2025
1276,2025-01-31,Electronics,Headphones,2037,5,Delhi,UPI,10185,January,2025
1277,2025-08-23,Clothing,T-Shirt,541,2,Delhi,Cash on Delivery,1082,August,2025
1278,2025-11-22,Clothing,Jacket,2983,4,Chennai,UPI,11932,November,2025
1279,2025-08-23,Home,Lamp,843,3,Pune,Cash on Delivery,2529,August,2025
1280,2025-08-16,Clothing,Jeans,1550,5,Pune,Debit Card,7750,August,2025
1281,2025-02-16,Home,Vase,418,5,Delhi,Debit Card,2090,February,2025
1282,2025-06-04,Electronics,Keyboard,1216,1,Delhi,Cash on Delivery,1216,June,2025
1283,2025-12-17,Electronics,Headphones,1995,2,Bangalore,Cash on Delivery,3990,December,2025
1284,2025-12-22,Electronics,Mouse,476,5,Pune,Cash on Delivery,2380,December,2025
1285,2025-08-07,Home,Bedsheet,899,4,Hyderabad,Debit Card,3596,August,2025
1286,2025-07-26,Electronics,Headphones,1970,3,Chennai,Credit Card,5910,July,2025
1287,2025-04-17,Electronics,Headphones,1998,2,Hyderabad,Cash on Delivery,3996,April,2025
1288,2025-12-08,Electronics,Mouse,459,5,Mumbai,UPI,2295,December,2025
1289,2025-04-30,Clothing,Sneakers,2501,5,Mumbai,Credit Card,12505,April,2025
1290,2025-07-14,Electronics,Mouse,464,1,Delhi,UPI,464,July,2025
1291,2025-11-08,Electronics,Laptop,44985,1,Hyderabad,Debit Card,44985,November,2025
1292,2025-01-31,Electronics,Keyboard,1159,3,Chennai,Credit Card,3477,January,2025
1293,2025-09-30,Electronics,Keyboard,1150,5,Bangalore,Credit Card,5750,September,2025
1294,2025-10-14,Home,Lamp,840,5,Delhi,Credit Card,4200,October,2025
1295,2025-09-21,Clothing,T-Shirt,540,4,Hyderabad,UPI,2160,September,2025
1296,2025-08-02,Clothing,Jacket,2981,1,Delhi,Cash on Delivery,2981,August,2025
1297,2025-07-10,Electronics,Laptop,45042,1,Chennai,Cash on Delivery,45042,July,2025
1298,2025-05-20,Home,Curtains,1158,1,Hyderabad,Debit Card,1158,May,2025
1299,2025-03-12,Home,Lamp,786,5,Pune,Credit Card,3930,March,2025
1300,2025-08-04,Electronics,Keyboard,1162,3,Pune,Cash on Delivery,3486,August,2025
1301,2025-11-01,Clothing,Jacket,3033,2,Bangalore,Debit Card,6066,November,2025
1302,2025-10-15,Electronics,Laptop,44974,1,Hyderabad,UPI,44974,October,2025
1303,2025-06-29,Electronics,Headphones,1973,1,Bangalore,UPI,1973,June,2025
1304,2025-06-15,Home,Lamp,811,2,Bangalore,Debit Card,1622,June,2025
1305,2025-09-10,Home,Vase,436,2,Delhi,Debit Card,872,September,2025
1306,2025-01-12,Home,Curtains,1165,5,Mumbai,UPI,5825,January,2025
1307,2025-01-07,Home,Lamp,795,4,Pune,Credit Card,3180,January,2025
1308,2025-03-09,Clothing,Jeans,1466,2,Bangalore,Cash on Delivery,2932,March,2025
1309,2025-04-06,Clothing,Sneakers,2508,5,Delhi,UPI,12540,April,2025
1310,2025-08-15,Clothing,Jacket,3004,5,Hyderabad,Cash on Delivery,15020,August,2025
1311,2025-03-01,Electronics,Mouse,525,2,Pune,Cash on Delivery,1050,March,2025
1312,2025-10-03,Home,Bedsheet,928,3,Delhi,Credit Card,2784,October,2025
1313,2025-12-06,Clothing,Sneakers,2519,3,Mumbai,Credit Card,7557,December,2025
1314,2025-02-08,Electronics,Keyboard,1219,2,Delhi,Debit Card,2438,February,2025
1315,2025-11-13,Home,Lamp,803,4,Pune,Credit Card,3212,November,2025
1316,2025-08-25,Home,Curtains,1164,5,Chennai,UPI,5820,August,2025
1317,2025-09-15,Electronics,Mouse,452,5,Delhi,Credit Card,2260,September,2025
1318,2025-03-02,Electronics,Laptop,44967,1,Hyderabad,UPI,44967,March,2025
1319,2025-07-06,Home,Curtains,1186,4,Delhi,Credit Card,4744,July,2025
1320,2025-05-17,Electronics,Laptop,45046,5,Mumbai,Credit Card,225230,May,2025
1321,2025-09-22,Electronics,Mouse,545,3,Hyderabad,Cash on Delivery,1635,September,2025
1322,2025-02-20,Electronics,Laptop,45046,5,Pune,UPI,225230,February,2025
1323,2025-02-05,Electronics,Headphones,1977,4,Hyderabad,Credit Card,7908,February,2025
1324,2025-08-07,Clothing,Sneakers,2501,3,Hyderabad,Debit Card,7503,August,2025
1325,2025-06-28,Electronics,Laptop,45012,3,Pune,Debit Card,135036,June,2025
1326,2025-11-10,Home,Lamp,761,5,Delhi,Cash on Delivery,3805,November,2025
1327,2025-09-05,Home,Lamp,757,1,Bangalore,Debit Card,757,September,2025
1328,2025-02-24,Home,Vase,427,1,Hyderabad,Credit Card,427,February,2025
1329,2025-02-15,Home,Curtains,1181,4,Mumbai,Debit Card,4724,February,2025
1330,2025-12-26,Home,Vase,418,4,Chennai,UPI,1672,December,2025
1331,2025-06-13,Clothing,T-Shirt,550,2,Hyderabad,UPI,1100,June,2025
1332,2025-01-31,Electronics,Headphones,1967,3,Bangalore,UPI,5901,January,2025
1333,2025-10-01,Clothing,Jacket,3049,3,Chennai,Cash on Delivery,9147,October,2025
1334,2025-04-17,Home,Lamp,820,1,Mumbai,Debit Card,820,April,2025
1335,2025-02-22,Electronics,Laptop,44958,2,Bangalore,Credit Card,89916,February,2025
1336,2025-05-23,Electronics,Keyboard,1194,1,Delhi,Cash on Delivery,1194,May,2025
1337,2025-12-16,Electronics,Mouse,477,2,Delhi,UPI,954,December,2025
1338,2025-03-30,Electronics,Mouse,509,5,Bangalore,Cash on Delivery,2545,March,2025
1339,2025-04-24,Clothing,Jeans,1548,5,Mumbai,Cash on Delivery,7740,April,2025
1340,2025-02-24,Clothing,Sneakers,2473,4,Chennai,Credit Card,9892,February,2025
1341,2025-12-31,Clothing,Jacket,3000,3,Chennai,Debit Card,9000,December,2025
1342,2025-05-08,Clothing,T-Shirt,506,4,Delhi,Credit Card,2024,May,2025
1343,2025-10-18,Home,Lamp,837,2,Delhi,UPI,1674,October,2025
1344,2025-11-13,Clothing,Sneakers,2495,2,Pune,UPI,4990,November,2025
1345,2025-07-02,Home,Vase,356,2,Delhi,Credit Card,712,July,2025
1346,2025-12-17,Electronics,Keyboard,1187,4,Delhi,UPI,4748,December,2025
1347,2025-09-07,Electronics,Mouse,525,5,Hyderabad,Cash on Delivery,2625,September,2025
1348,2025-09-03,Clothing,Jacket,3026,5,Hyderabad,Credit Card,15130,September,2025
1349,2025-11-05,Electronics,Laptop,45046,1,Pune,Credit Card,45046,November,2025
1350,2026-01-01,Clothing,Jeans,1527,1,Hyderabad,Cash on Delivery,1527,January,2026
1351,2025-07-30,Clothing,Sneakers,2533,1,Hyderabad,Cash on Delivery,2533,July,2025
1352,2025-05-07,Clothing,Jeans,1465,3,Pune,Credit Card,4395,May,2025
1353,2025-10-31,Clothing,T-Shirt,508,5,Hyderabad,Debit Card,2540,October,2025
1354,2025-02-07,Home,Lamp,793,1,Bangalore,Debit Card,793,February,2025
1355,2025-07-29,Clothing,Jacket,2990,5,Delhi,Credit Card,14950,July,2025
1356,2025-09-12,Electronics,Keyboard,1182,2,Pune,Debit Card,2364,September,2025
1357,2025-03-31,Clothing,Jeans,1473,2,Bangalore,Debit Card,2946,March,2025
1358,2025-09-02,Clothing,Jacket,3011,5,Pune,Debit Card,15055,September,2025
1359,2025-05-02,Home,Bedsheet,927,4,Hyderabad,Cash on Delivery,3708,May,2025
1360,2025-10-27,Clothing,Jeans,1478,1,Bangalore,Cash on Delivery,1478,October,2025
1361,2025-06-12,Electronics,Mouse,450,1,Bangalore,UPI,450,June,2025
1362,2025-07-19,Home,Bedsheet,870,3,Delhi,UPI,2610,July,2025
1363,2025-11-24,Home,Lamp,812,3,Pune,Cash on Delivery,2436,November,2025
1364,2025-02-18,Home,Vase,440,5,Mumbai,Credit Card,2200,February,2025
1365,2025-02-26,Clothing,Jeans,1507,1,Bangalore,Cash on Delivery,1507,February,2025
1366,2025-11-24,Clothing,Jacket,3001,3,Bangalore,Debit Card,9003,November,2025
1367,2025-02-01,Clothing,Jacket,2958,5,Mumbai,UPI,14790,February,2025
1368,2025-10-06,Home,Bedsheet,934,3,Delhi,Cash on Delivery,2802,October,2025
1369,2025-05-06,Home,Lamp,758,4,Mumbai,Cash on Delivery,3032,May,2025
1370,2025-06-07,Home,Vase,449,1,Bangalore,Credit Card,449,June,2025
1371,2025-10-29,Clothing,T-Shirt,450,4,Bangalore,Cash on Delivery,1800,October,2025
1372,2025-12-05,Home,Curtains,1164,2,Bangalore,UPI,2328,December,2025
1373,2025-01-28,Home,Vase,355,2,Pune,Credit Card,710,January,2025
1374,2026-01-01,Clothing,Sneakers,2505,2,Hyderabad,Debit Card,5010,January,2026
1375,2025-10-17,Electronics,Laptop,44963,5,Pune,Cash on Delivery,224815,October,2025
1376,2025-04-13,Home,Bedsheet,949,1,Bangalore,Debit Card,949,April,2025
1377,2025-09-08,Clothing,Sneakers,2450,1,Delhi,Cash on Delivery,2450,September,2025
1378,2025-01-26,Clothing,Jacket,3022,1,Pune,Cash on Delivery,3022,January,2025
1379,2025-12-14,Clothing,Jacket,2959,4,Bangalore,Debit Card,11836,December,2025
1380,2025-05-11,Clothing,Jeans,1506,4,Pune,Credit Card,6024,May,2025
1381,2025-05-21,Electronics,Laptop,45032,1,Mumbai,Cash on Delivery,45032,May,2025
1382,2025-03-17,Clothing,Jeans,1498,4,Mumbai,Debit Card,5992,March,2025
1383,2025-10-21,Clothing,Jacket,3028,3,Hyderabad,Cash on Delivery,9084,October,2025
1384,2025-10-08,Clothing,T-Shirt,461,2,Pune,Credit Card,922,October,2025
1385,2025-03-02,Clothing,Sneakers,2482,5,Pune,UPI,12410,March,2025
1386,2025-10-27,Clothing,Sneakers,2502,3,Chennai,Cash on Delivery,7506,October,2025
1387,2025-08-28,Electronics,Keyboard,1167,4,,Debit Card,4668,August,2025
1388,2025-11-28,Home,Bedsheet,888,3,Bangalore,Cash on Delivery,2664,November,2025
1389,2025-05-27,Clothing,Sneakers,2512,2,Bangalore,Credit Card,5024,May,2025
1390,2025-06-07,Clothing,Sneakers,2523,4,Pune,Debit Card,10092,June,2025
1391,2025-11-29,Clothing,Jacket,2996,4,Bangalore,Debit Card,11984,November,2025
1392,2025-10-24,Home,Lamp,821,4,Chennai,UPI,3284,October,2025
1393,2025-04-07,Electronics,Headphones,2001,2,Bangalore,UPI,4002,April,2025
1394,2025-05-10,Home,Curtains,1163,4,,Debit Card,4652,May,2025
1395,2025-02-15,Home,Lamp,800,3,Bangalore,Debit Card,2400,February,2025
1396,2025-06-04,Home,Lamp,833,3,Pune,Debit Card,2499,June,2025
1397,2025-12-31,Home,Lamp,834,4,Mumbai,Debit Card,3336,December,2025
1398,2025-02-28,Home,Lamp,849,2,Pune,UPI,1698,February,2025
1399,2025-01-08,Electronics,Mouse,536,1,Bangalore,Debit Card,536,January,2025
1400,2025-12-14,Electronics,Headphones,2045,5,Hyderabad,Credit Card,10225,December,2025
1401,2025-11-03,Electronics,Headphones,2011,1,Pune,UPI,2011,November,2025
1402,2025-10-01,Home,Vase,364,1,Hyderabad,Debit Card,364,October,2025
1403,2025-10-14,Electronics,Laptop,44959,3,Chennai,UPI,134877,October,2025
1404,2025-09-25,Clothing,Sneakers,2488,1,Pune,Credit Card,2488,September,2025
1405,2025-06-11,Electronics,Headphones,1977,4,Hyderabad,UPI,7908,June,2025
1406,2025-05-24,Electronics,Keyboard,1207,1,Mumbai,Cash on Delivery,1207,May,2025
1407,2025-08-28,Clothing,Jeans,1530,3,Mumbai,Credit Card,4590,August,2025
1408,2025-01-02,Electronics,Mouse,470,3,Mumbai,Cash on Delivery,1410,January,2025
1409,2025-04-08,Clothing,Jacket,2984,3,Hyderabad,UPI,8952,April,2025
1410,2025-04-02,Clothing,Sneakers,2544,3,Pune,Credit Card,7632,April,2025
1411,2025-07-12,Home,Vase,416,4,Bangalore,UPI,1664,July,2025
1412,2025-01-06,Home,Vase,417,5,Hyderabad,Cash on Delivery,2085,January,2025
1413,2025-12-30,Clothing,Sneakers,2482,5,Hyderabad,Cash on Delivery,12410,December,2025
1414,2025-06-05,Electronics,Headphones,2038,2,Mumbai,Credit Card,4076,June,2025
1415,2025-06-18,Home,Vase,417,3,Delhi,UPI,1251,June,2025
1416,2025-07-28,Electronics,Mouse,454,5,Delhi,Cash on Delivery,2270,July,2025
1417,2025-06-20,Clothing,Jacket,3047,2,Pune,Debit Card,6094,June,2025
1418,2025-08-09,Home,Curtains,1171,2,Pune,Debit Card,2342,August,2025
1419,2025-12-10,Home,Vase,429,5,Hyderabad,Credit Card,2145,December,2025
1420,2025-08-19,Electronics,Laptop,45025,4,Delhi,Cash on Delivery,180100,August,2025
1421,2025-05-01,Home,Curtains,1205,5,Delhi,Debit Card,6025,May,2025
1422,2025-04-15,Clothing,Jeans,1493,1,Bangalore,UPI,1493,April,2025
1423,2025-08-14,Clothing,Jacket,2961,1,Bangalore,Cash on Delivery,2961,August,2025
1424,2025-06-25,Home,Vase,360,5,Mumbai,UPI,1800,June,2025
1425,2025-05-24,Electronics,Headphones,1978,1,Pune,Debit Card,1978,May,2025
1426,2025-06-09,Home,Vase,373,1,Pune,UPI,373,June,2025
1427,2025-02-16,Home,Curtains,1229,5,Pune,UPI,6145,February,2025
1428,2025-08-11,Clothing,Jacket,2957,5,Delhi,Credit Card,14785,August,2025
1429,2025-07-07,Clothing,Jacket,3042,5,Bangalore,UPI,15210,July,2025
1430,2025-12-26,Clothing,T-Shirt,493,3,,Cash on Delivery,1479,December,2025
1431,2025-11-20,Clothing,Jacket,3042,2,Pune,Credit Card,6084,November,2025
1432,2025-06-02,Home,Vase,404,3,Bangalore,Credit Card,1212,June,2025
1433,2025-06-21,Home,Bedsheet,857,3,Pune,Credit Card,2571,June,2025
1434,2025-02-17,Electronics,Keyboard,1211,4,Mumbai,UPI,4844,February,2025
1435,2025-01-26,Clothing,Jacket,2961,5,,Credit Card,14805,January,2025
1436,2025-01-03,Home,Vase,431,1,Hyderabad,Cash on Delivery,431,January,2025
1437,2025-09-13,Clothing,Jacket,3042,3,Pune,Cash on Delivery,9126,September,2025
1438,2025-01-09,Home,Vase,390,5,Mumbai,Cash on Delivery,1950,January,2025
1439,2025-08-22,Electronics,Keyboard,1244,1,Pune,Credit Card,1244,August,2025
1440,2025-09-30,Home,Lamp,847,4,Hyderabad,Cash on Delivery,3388,September,2025
1441,2025-08-07,Home,Vase,408,1,Pune,Debit Card,408,August,2025
1442,2025-10-12,Electronics,Headphones,1963,1,Delhi,UPI,1963,October,2025
1443,2025-01-06,Clothing,T-Shirt,503,4,Mumbai,Debit Card,2012,January,2025
1444,2025-03-07,Home,Curtains,1177,1,Mumbai,Cash on Delivery,1177,March,2025
1445,2025-12-20,Home,Vase,412,1,Delhi,UPI,412,December,2025
1446,2025-12-09,Home,Lamp,848,3,Mumbai,Credit Card,2544,December,2025
1447,2025-05-12,Clothing,Jacket,3049,4,Hyderabad,Debit Card,12196,May,2025
1448,2025-03-03,Electronics,Laptop,45001,3,Hyderabad,Credit Card,135003,March,2025
1449,2025-12-05,Clothing,Jeans,1474,5,Hyderabad,UPI,7370,December,2025
1450,2025-02-27,Home,Curtains,1192,2,Delhi,Credit Card,2384,February,2025
1451,2025-09-04,Clothing,Jacket,3021,4,Bangalore,UPI,12084,September,2025
1452,2025-04-14,Clothing,T-Shirt,499,2,Chennai,UPI,998,April,2025
1453,2025-11-10,Clothing,Sneakers,2511,5,Mumbai,UPI,12555,November,2025
1454,2025-05-23,Home,Curtains,1231,5,Chennai,UPI,6155,May,2025
1455,2025-04-09,Clothing,T-Shirt,502,2,Delhi,Debit Card,1004,April,2025
1456,2025-06-20,Home,Lamp,754,2,Mumbai,Debit Card,1508,June,2025
1457,2025-06-24,Home,Bedsheet,930,2,Delhi,UPI,1860,June,2025
1458,2025-05-22,Clothing,T-Shirt,462,1,Pune,Cash on Delivery,462,May,2025
1459,2025-08-15,Clothing,Jacket,3020,5,Pune,Debit Card,15100,August,2025
1460,2025-10-06,Electronics,Headphones,1965,3,Delhi,Debit Card,5895,October,2025
1461,2025-01-19,Electronics,Keyboard,1244,5,Chennai,UPI,6220,January,2025
1462,2025-04-28,Electronics,Mouse,488,3,Delhi,Cash on Delivery,1464,April,2025
1463,2025-03-25,Home,Bedsheet,930,4,Chennai,Credit Card,3720,March,2025
1464,2025-07-20,Clothing,Jeans,1550,1,Hyderabad,Cash on Delivery,1550,July,2025
1465,2025-02-27,Home,Curtains,1162,5,Hyderabad,UPI,5810,February,2025
1466,2025-04-01,Electronics,Laptop,45044,3,Hyderabad,UPI,135132,April,2025
1467,2025-01-15,Clothing,T-Shirt,550,4,Mumbai,UPI,2200,January,2025
1468,2025-07-05,Electronics,Mouse,492,1,Mumbai,Cash on Delivery,492,July,2025
1469,2025-07-11,Clothing,Jacket,2976,2,Hyderabad,Debit Card,5952,July,2025
1470,2025-12-30,Home,Lamp,809,1,Hyderabad,UPI,809,December,2025
1471,2025-03-18,Clothing,Jeans,1538,3,Chennai,UPI,4614,March,2025
1472,2025-02-25,Home,Curtains,1227,5,Bangalore,Cash on Delivery,6135,February,2025
1473,2025-08-07,Clothing,Sneakers,2460,1,Chennai,Credit Card,2460,August,2025
1474,2025-04-01,Home,Curtains,1214,4,Pune,UPI,4856,April,2025
1475,2025-11-02,Clothing,T-Shirt,541,5,Bangalore,Credit Card,2705,November,2025
1476,2025-08-02,Electronics,Mouse,516,1,Delhi,UPI,516,August,2025
1477,2025-07-17,Electronics,Mouse,535,2,Hyderabad,UPI,1070,July,2025
1478,2025-02-23,Clothing,T-Shirt,505,4,Hyderabad,Credit Card,2020,February,2025
1479,2025-11-13,Home,Lamp,769,4,Hyderabad,Cash on Delivery,3076,November,2025
1480,2025-06-04,Home,Curtains,1235,1,Hyderabad,Cash on Delivery,1235,June,2025
1481,2025-06-20,Electronics,Headphones,1978,5,Mumbai,UPI,9890,June,2025
1482,2025-10-25,Electronics,Mouse,458,4,Chennai,Credit Card,1832,October,2025
1483,2025-08-24,Clothing,Jacket,2964,1,Mumbai,Cash on Delivery,2964,August,2025
1484,2025-10-13,Electronics,Keyboard,1156,1,Mumbai,Debit Card,1156,October,2025
1485,2025-09-12,Home,Curtains,1177,1,Pune,Debit Card,1177,September,2025
1486,2025-11-03,Home,Bedsheet,872,1,Pune,Debit Card,872,November,2025
1487,2025-07-27,Electronics,Mouse,536,4,Delhi,Credit Card,2144,July,2025
1488,2025-04-15,Home,Curtains,1220,1,Chennai,Debit Card,1220,April,2025
1489,2025-02-07,Clothing,Sneakers,2462,2,Chennai,Debit Card,4924,February,2025
1490,2025-11-29,Clothing,T-Shirt,486,1,Mumbai,Credit Card,486,November,2025
1491,2025-12-25,Electronics,Headphones,1976,1,Delhi,Cash on Delivery,1976,December,2025
1492,2025-09-23,Electronics,Laptop,44955,3,Hyderabad,UPI,134865,September,2025
1493,2025-09-03,Electronics,Mouse,470,2,Pune,Credit Card,940,September,2025
1494,2025-07-13,Home,Bedsheet,950,3,Chennai,Credit Card,2850,July,2025
1495,2025-01-15,Electronics,Keyboard,1189,1,Mumbai,UPI,1189,January,2025
1496,2025-09-18,Home,Lamp,772,5,Bangalore,Credit Card,3860,September,2025
1497,2025-09-12,Clothing,T-Shirt,471,2,Delhi,Debit Card,942,September,2025
1498,2025-02-16,Electronics,Laptop,44976,2,Delhi,Cash on Delivery,89952,February,2025
1499,2025-08-18,Home,Curtains,1235,3,Chennai,Debit Card,3705,August,2025
1500,2025-09-23,Home,Curtains,1206,4,Pune,Debit Card,4824,September,2025
1501,2025-11-24,Home,Lamp,831,1,Pune,Cash on Delivery,831,November,2025
1502,2025-07-23,Clothing,T-Shirt,540,5,Delhi,Cash on Delivery,2700,July,2025
1503,2025-08-02,Electronics,Headphones,2011,2,Mumbai,Debit Card,4022,August,2025
1504,2025-04-09,Clothing,T-Shirt,517,5,Delhi,Debit Card,2585,April,2025
1505,2025-01-15,Electronics,Keyboard,1194,2,Hyderabad,Debit Card,2388,January,2025
1506,2025-02-08,Clothing,T-Shirt,465,5,Bangalore,Credit Card,2325,February,2025
1507,2025-07-24,Electronics,Laptop,45048,2,Mumbai,Debit Card,90096,July,2025
1508,2025-07-13,Clothing,Jacket,2983,2,Mumbai,UPI,5966,July,2025
1509,2025-11-18,Home,Curtains,1206,2,Bangalore,Credit Card,2412,November,2025
1510,2025-05-29,Clothing,Sneakers,2491,1,Delhi,Credit Card,2491,May,2025
1511,2025-03-02,Electronics,Mouse,467,1,Hyderabad,Credit Card,467,March,2025
1512,2025-06-23,Clothing,Jeans,1544,4,Pune,Cash on Delivery,6176,June,2025
1513,2025-05-23,Clothing,Jeans,1452,4,Chennai,Debit Card,5808,May,2025
1514,2025-11-27,Home,Bedsheet,946,3,Pune,UPI,2838,November,2025
1515,2025-12-27,Clothing,Jeans,1548,3,Pune,Credit Card,4644,December,2025
1516,2025-08-24,Clothing,Jeans,1491,2,Pune,UPI,2982,August,2025
1517,2025-07-12,Electronics,Mouse,474,3,Delhi,Credit Card,1422,July,2025
1518,2025-06-13,Clothing,T-Shirt,512,5,Bangalore,Debit Card,2560,June,2025
1519,2025-12-07,Clothing,Jacket,2955,5,Hyderabad,Cash on Delivery,14775,December,2025
1520,2025-05-18,Electronics,Keyboard,1179,3,Pune,Debit Card,3537,May,2025
1521,2025-11-12,Home,Lamp,810,1,Bangalore,UPI,810,November,2025
1522,2025-03-06,Electronics,Mouse,505,5,Bangalore,Cash on Delivery,2525,March,2025
1523,2025-09-23,Clothing,T-Shirt,459,1,Mumbai,UPI,459,September,2025
1524,2025-05-06,Clothing,Sneakers,2485,2,Pune,Cash on Delivery,4970,May,2025
1525,2025-06-18,Home,Bedsheet,890,4,Bangalore,Cash on Delivery,3560,June,2025
1526,2025-02-17,Home,Curtains,1213,5,Bangalore,Debit Card,6065,February,2025
1527,2026-01-01,Home,Vase,444,4,Bangalore,Cash on Delivery,1776,January,2026
1528,2025-08-10,Home,Vase,424,4,,UPI,1696,August,2025
1529,2025-08-12,Home,Vase,383,2,Delhi,Credit Card,766,August,2025
1530,2025-08-11,Electronics,Keyboard,1245,5,Mumbai,Cash on Delivery,6225,August,2025
1531,2025-08-26,Home,Vase,359,4,Mumbai,UPI,1436,August,2025
1532,2025-01-20,Clothing,Sneakers,2516,4,Pune,Credit Card,10064,January,2025
1533,2025-04-05,Clothing,Sneakers,2486,5,Chennai,Debit Card,12430,April,2025
1534,2025-10-12,Electronics,Mouse,457,5,Pune,Debit Card,2285,October,2025
1535,2025-05-11,Home,Vase,375,2,Chennai,UPI,750,May,2025
1536,2025-04-27,Clothing,Jacket,3008,3,Mumbai,Cash on Delivery,9024,April,2025
1537,2025-06-30,Home,Vase,442,3,Hyderabad,UPI,1326,June,2025
1538,2025-04-17,Home,Lamp,848,4,Bangalore,Cash on Delivery,3392,April,2025
1539,2025-06-28,Clothing,Jacket,3010,1,Chennai,Cash on Delivery,3010,June,2025
1540,2025-03-10,Electronics,Mouse,490,4,Bangalore,Debit Card,1960,March,2025
1541,2025-07-21,Electronics,Keyboard,1238,5,Chennai,Debit Card,6190,July,2025
1542,2025-09-30,Clothing,Sneakers,2505,2,Mumbai,Cash on Delivery,5010,September,2025
1543,2025-06-20,Clothing,T-Shirt,498,2,Chennai,Cash on Delivery,996,June,2025
1544,2025-09-08,Clothing,T-Shirt,453,2,Pune,Cash on Delivery,906,September,2025
1545,2025-07-02,Electronics,Mouse,468,1,Bangalore,UPI,468,July,2025
1546,2025-01-26,Clothing,Sneakers,2475,4,Mumbai,Debit Card,9900,January,2025
1547,2025-02-02,Home,Lamp,842,1,Mumbai,UPI,842,February,2025
1548,2025-03-15,Home,Curtains,1246,3,Mumbai,Debit Card,3738,March,2025
1549,2025-06-27,Clothing,Jacket,3006,2,Chennai,UPI,6012,June,2025
1550,2025-01-22,Clothing,Jacket,3042,2,Bangalore,UPI,6084,January,2025
1551,2025-08-04,Home,Vase,368,1,Pune,Credit Card,368,August,2025
1552,2025-06-18,Clothing,Sneakers,2463,1,Chennai,Credit Card,2463,June,2025
1553,2025-07-03,Home,Curtains,1150,2,Pune,Credit Card,2300,July,2025
1554,2025-12-12,Home,Curtains,1192,4,,Debit Card,4768,December,2025
1555,2025-10-12,Electronics,Keyboard,1174,5,Delhi,Cash on Delivery,5870,October,2025
1556,2026-01-01,Electronics,Keyboard,1207,4,Chennai,Credit Card,4828,January,2026
1557,2025-10-16,Home,Bedsheet,908,2,Mumbai,UPI,1816,October,2025
1558,2025-03-20,Clothing,Jacket,2965,5,Bangalore,Credit Card,14825,March,2025
1559,2025-08-07,Clothing,Jacket,2951,1,Bangalore,Credit Card,2951,August,2025
1560,2025-03-19,Clothing,Jeans,1533,2,Hyderabad,Credit Card,3066,March,2025
1561,2025-12-15,Clothing,Jacket,3047,2,Mumbai,UPI,6094,December,2025
1562,2025-10-26,Electronics,Laptop,45012,1,Bangalore,UPI,45012,October,2025
1563,2026-01-01,Clothing,T-Shirt,479,4,Delhi,UPI,1916,January,2026
1564,2025-01-11,Electronics,Keyboard,1191,3,Pune,UPI,3573,January,2025
1565,2025-06-27,Home,Vase,382,4,Hyderabad,Debit Card,1528,June,2025
1566,2025-07-31,Electronics,Laptop,44995,1,,Cash on Delivery,44995,July,2025
1567,2025-12-16,Home,Vase,386,5,Bangalore,Debit Card,1930,December,2025
1568,2025-11-13,Home,Lamp,848,2,Delhi,Credit Card,1696,November,2025
1569,2025-06-16,Electronics,Mouse,545,5,Pune,Cash on Delivery,2725,June,2025
1570,2025-06-20,Clothing,Jacket,2951,1,Bangalore,Cash on Delivery,2951,June,2025
1571,2025-03-14,Clothing,Jacket,3044,1,Delhi,UPI,3044,March,2025
1572,2025-03-18,Electronics,Keyboard,1187,2,Hyderabad,Debit Card,2374,March,2025
1573,2025-11-10,Electronics,Mouse,482,4,Delhi,Cash on Delivery,1928,November,2025
1574,2025-02-20,Clothing,Sneakers,2538,4,Hyderabad,Cash on Delivery,10152,February,2025
1575,2025-05-14,Home,Bedsheet,925,2,Hyderabad,Debit Card,1850,May,2025
1576,2025-02-18,Electronics,Mouse,531,4,Delhi,UPI,2124,February,2025
1577,2025-10-03,Home,Bedsheet,897,1,Hyderabad,Credit Card,897,October,2025
1578,2025-05-29,Electronics,Headphones,2005,4,Chennai,UPI,8020,May,2025
1579,2025-03-19,Electronics,Keyboard,1247,1,Hyderabad,Credit Card,1247,March,2025
1580,2025-02-12,Home,Bedsheet,899,3,Delhi,UPI,2697,February,2025
1581,2025-02-18,Home,Curtains,1242,4,Pune,Credit Card,4968,February,2025
1582,2025-09-29,Home,Curtains,1176,3,Bangalore,UPI,3528,September,2025
1583,2025-07-10,Home,Curtains,1153,2,Hyderabad,Cash on Delivery,2306,July,2025
1584,2025-05-31,Clothing,Jeans,1547,1,Bangalore,Credit Card,1547,May,2025
1585,2025-12-11,Electronics,Headphones,1962,4,Delhi,Cash on Delivery,7848,December,2025
1586,2025-08-05,Electronics,Laptop,45044,4,Pune,Debit Card,180176,August,2025
1587,2025-10-12,Electronics,Laptop,45036,4,Mumbai,Debit Card,180144,October,2025
1588,2025-11-27,Electronics,Keyboard,1244,3,Delhi,Cash on Delivery,3732,November,2025
1589,2025-12-15,Electronics,Mouse,454,1,Bangalore,UPI,454,December,2025
1590,2025-08-30,Home,Lamp,773,4,Delhi,Debit Card,3092,August,2025
1591,2025-11-16,Home,Curtains,1227,2,Hyderabad,Cash on Delivery,2454,November,2025
1592,2025-06-01,Clothing,Sneakers,2506,3,Mumbai,Cash on Delivery,7518,June,2025
1593,2025-11-19,Electronics,Mouse,464,3,Hyderabad,Cash on Delivery,1392,November,2025
1594,2025-12-25,Electronics,Keyboard,1212,5,Bangalore,Credit Card,6060,December,2025
1595,2025-12-10,Clothing,Jeans,1520,3,Mumbai,UPI,4560,December,2025
1596,2025-01-17,Home,Lamp,759,1,Bangalore,Credit Card,759,January,2025
1597,2025-08-10,Electronics,Headphones,2006,5,Hyderabad,Cash on Delivery,10030,August,2025
1598,2025-12-03,Electronics,Keyboard,1192,3,Bangalore,UPI,3576,December,2025
1599,2025-10-10,Clothing,Sneakers,2460,4,Mumbai,Credit Card,9840,October,2025
1600,2025-08-19,Clothing,Jacket,2958,2,Pune,UPI,5916,August,2025
1601,2025-09-16,Home,Lamp,844,2,Chennai,Credit Card,1688,September,2025
1602,2025-01-16,Home,Vase,391,4,Mumbai,UPI,1564,January,2025
1603,2025-03-13,Electronics,Laptop,44959,1,Hyderabad,Debit Card,44959,March,2025
1604,2025-10-19,Clothing,Jeans,1548,2,Mumbai,Debit Card,3096,October,2025
1605,2025-01-22,Electronics,Mouse,506,4,Mumbai,UPI,2024,January,2025
1606,2025-05-24,Electronics,Mouse,483,2,Chennai,Debit Card,966,May,2025
1607,2025-07-01,Electronics,Laptop,44975,1,Hyderabad,Credit Card,44975,July,2025
1608,2025-11-05,Home,Curtains,1230,5,Hyderabad,Debit Card,6150,November,2025
1609,2025-07-27,Clothing,T-Shirt,454,2,Pune,Cash on Delivery,908,July,2025
1610,2025-03-12,Electronics,Mouse,517,5,Chennai,Cash on Delivery,2585,March,2025
1611,2025-04-18,Clothing,Jacket,2976,1,Pune,Credit Card,2976,April,2025
1612,2025-02-11,Home,Curtains,1166,5,Bangalore,Cash on Delivery,5830,February,2025
1613,2025-06-01,Electronics,Keyboard,1237,4,Chennai,Credit Card,4948,June,2025
1614,2025-09-11,Electronics,Keyboard,1187,1,Hyderabad,Debit Card,1187,September,2025
1615,2025-01-04,Home,Lamp,753,1,Hyderabad,UPI,753,January,2025
1616,2025-12-26,Clothing,Jeans,1540,5,Hyderabad,UPI,7700,December,2025
1617,2025-10-16,Home,Lamp,783,3,Pune,UPI,2349,October,2025
1618,2025-10-13,Home,Curtains,1191,2,Delhi,UPI,2382,October,2025
1619,2025-11-30,Electronics,Headphones,1953,3,Mumbai,Debit Card,5859,November,2025
1620,2025-04-06,Electronics,Mouse,544,2,Bangalore,Credit Card,1088,April,2025
1621,2025-11-06,Electronics,Headphones,2034,4,Hyderabad,Credit Card,8136,November,2025
1622,2025-10-27,Electronics,Laptop,45048,2,Mumbai,UPI,90096,October,2025
1623,2025-08-12,Home,Curtains,1195,5,Pune,Debit Card,5975,August,2025
1624,2025-07-11,Clothing,Jeans,1527,3,Hyderabad,Cash on Delivery,4581,July,2025
1625,2025-01-08,Clothing,T-Shirt,500,5,Chennai,Cash on Delivery,2500,January,2025
1626,2025-06-25,Electronics,Headphones,1969,4,Chennai,Cash on Delivery,7876,June,2025
1627,2025-06-23,Electronics,Headphones,2028,1,Hyderabad,Cash on Delivery,2028,June,2025
1628,2025-10-10,Clothing,Jeans,1543,3,Delhi,Cash on Delivery,4629,October,2025
1629,2025-04-14,Electronics,Mouse,470,3,Bangalore,Cash on Delivery,1410,April,2025
1630,2025-09-05,Electronics,Headphones,1987,4,Mumbai,UPI,7948,September,2025
1631,2025-09-17,Electronics,Mouse,476,2,Hyderabad,Cash on Delivery,952,September,2025
1632,2025-11-27,Electronics,Headphones,1990,3,Bangalore,Credit Card,5970,November,2025
1633,2025-06-14,Electronics,Laptop,44995,5,Bangalore,Cash on Delivery,224975,June,2025
1634,2025-11-17,Clothing,Jeans,1511,4,Mumbai,Credit Card,6044,November,2025
1635,2025-10-19,Electronics,Mouse,526,3,Delhi,Debit Card,1578,October,2025
1636,2025-12-10,Home,Bedsheet,940,2,Mumbai,Credit Card,1880,December,2025
1637,2025-07-22,Electronics,Mouse,536,3,Bangalore,UPI,1608,July,2025
1638,2025-10-16,Electronics,Laptop,44956,5,Bangalore,Debit Card,224780,October,2025
1639,2025-11-02,Home,Curtains,1229,3,Pune,Cash on Delivery,3687,November,2025
1640,2025-06-20,Electronics,Mouse,465,4,Hyderabad,Debit Card,1860,June,2025
1641,2025-10-01,Electronics,Headphones,2034,2,Chennai,Cash on Delivery,4068,October,2025
1642,2025-05-13,Home,Lamp,781,5,Chennai,Credit Card,3905,May,2025
1643,2025-07-25,Electronics,Keyboard,1164,3,Hyderabad,UPI,3492,July,2025
1644,2025-10-06,Home,Bedsheet,925,3,Mumbai,Cash on Delivery,2775,October,2025
1645,2025-05-26,Clothing,Jacket,3049,5,Chennai,Credit Card,15245,May,2025
1646,2025-10-31,Home,Bedsheet,946,4,Delhi,Credit Card,3784,October,2025
1647,2025-05-14,Electronics,Mouse,529,4,Mumbai,Cash on Delivery,2116,May,2025
1648,2025-06-23,Electronics,Headphones,2049,1,Hyderabad,Credit Card,2049,June,2025
1649,2025-07-14,Home,Vase,365,2,Bangalore,Debit Card,730,July,2025
1650,2025-04-15,Home,Lamp,843,5,Hyderabad,Credit Card,4215,April,2025
1651,2025-12-02,Electronics,Laptop,44996,2,Mumbai,UPI,89992,December,2025
1652,2025-02-21,Home,Curtains,1250,1,Mumbai,Cash on Delivery,1250,February,2025
1653,2025-03-09,Clothing,Jeans,1528,3,Mumbai,Cash on Delivery,4584,March,2025
1654,2025-09-25,Clothing,Jacket,3010,4,Bangalore,UPI,12040,September,2025
1655,2025-07-13,Clothing,Sneakers,2473,3,Bangalore,UPI,7419,July,2025
1656,2025-10-19,Home,Lamp,843,1,Chennai,Debit Card,843,October,2025
1657,2025-08-13,Electronics,Mouse,502,3,Bangalore,Cash on Delivery,1506,August,2025
1658,2025-05-22,Home,Bedsheet,915,3,Hyderabad,UPI,2745,May,2025
1659,2025-06-21,Clothing,Jacket,3004,4,Pune,UPI,12016,June,2025
1660,2025-08-06,Home,Bedsheet,885,1,Delhi,UPI,885,August,2025
1661,2025-10-13,Home,Vase,355,5,Hyderabad,Credit Card,1775,October,2025
1662,2025-05-11,Clothing,Sneakers,2454,1,Pune,Debit Card,2454,May,2025
1663,2025-03-15,Clothing,Sneakers,2548,5,Mumbai,Debit Card,12740,March,2025
1664,2025-07-02,Home,Vase,364,2,Hyderabad,Credit Card,728,July,2025
1665,2025-09-21,Electronics,Mouse,529,1,Mumbai,Credit Card,529,September,2025
1666,2025-07-03,Clothing,T-Shirt,513,2,Bangalore,Debit Card,1026,July,2025
1667,2025-05-28,Electronics,Mouse,458,4,Pune,UPI,1832,May,2025
1668,2025-10-07,Home,Vase,370,1,Delhi,UPI,370,October,2025
1669,2025-01-06,Clothing,Jeans,1510,3,Hyderabad,Credit Card,4530,January,2025
1670,2025-06-03,Clothing,T-Shirt,496,3,Hyderabad,Cash on Delivery,1488,June,2025
1671,2025-11-09,Clothing,Jacket,3012,3,Mumbai,Cash on Delivery,9036,November,2025
1672,2025-11-25,Electronics,Laptop,45049,4,Bangalore,Credit Card,180196,November,2025
1673,2025-01-27,Electronics,Mouse,514,1,Bangalore,Debit Card,514,January,2025
1674,2025-03-29,Clothing,Jacket,2990,2,Delhi,Credit Card,5980,March,2025
1675,2025-05-15,Electronics,Keyboard,1244,1,Hyderabad,UPI,1244,May,2025
1676,2025-07-28,Electronics,Headphones,1961,2,Delhi,Cash on Delivery,3922,July,2025
1677,2025-10-09,Clothing,Jeans,1539,1,Bangalore,Debit Card,1539,October,2025
1678,2025-11-03,Electronics,Mouse,513,1,Pune,Cash on Delivery,513,November,2025
1679,2025-05-26,Electronics,Headphones,1953,4,Delhi,Cash on Delivery,7812,May,2025
1680,2025-08-07,Electronics,Keyboard,1218,5,Mumbai,Cash on Delivery,6090,August,2025
1681,2025-07-27,Electronics,Laptop,45013,2,Pune,Debit Card,90026,July,2025
1682,2025-02-17,Home,Vase,447,2,Delhi,Credit Card,894,February,2025
1683,2025-03-24,Home,Curtains,1156,5,Pune,Debit Card,5780,March,2025
1684,2025-11-08,Clothing,Jeans,1470,1,Bangalore,Credit Card,1470,November,2025
1685,2025-10-14,Home,Vase,448,3,Mumbai,Cash on Delivery,1344,October,2025
1686,2025-01-25,Electronics,Headphones,1982,2,Mumbai,Credit Card,3964,January,2025
1687,2025-10-07,Electronics,Mouse,454,1,Mumbai,Cash on Delivery,454,October,2025
1688,2025-11-25,Clothing,Jacket,2953,5,Mumbai,Cash on Delivery,14765,November,2025
1689,2025-12-17,Clothing,T-Shirt,497,3,Chennai,Credit Card,1491,December,2025
1690,2025-08-07,Clothing,Sneakers,2537,3,Pune,Debit Card,7611,August,2025
1691,2025-07-15,Home,Bedsheet,880,3,Delhi,UPI,2640,July,2025
1692,2025-08-11,Clothing,T-Shirt,542,2,Pune,Cash on Delivery,1084,August,2025
1693,2025-06-05,Electronics,Mouse,488,1,Chennai,Credit Card,488,June,2025
1694,2025-07-27,Clothing,Jeans,1512,3,Chennai,Credit Card,4536,July,2025
1695,2025-06-13,Clothing,Sneakers,2529,1,Bangalore,Cash on Delivery,2529,June,2025
1696,2025-02-22,Home,Bedsheet,867,5,Mumbai,Cash on Delivery,4335,February,2025
1697,2025-09-24,Electronics,Mouse,493,4,Bangalore,Credit Card,1972,September,2025
1698,2025-05-22,Electronics,Laptop,44956,5,Hyderabad,Debit Card,224780,May,2025
1699,2025-02-24,Electronics,Laptop,45012,1,Mumbai,Credit Card,45012,February,2025
1700,2025-12-10,Home,Bedsheet,903,2,Chennai,UPI,1806,December,2025
1701,2025-08-30,Electronics,Headphones,1983,2,Bangalore,Credit Card,3966,August,2025
1702,2025-06-30,Clothing,Jacket,2961,4,Delhi,UPI,11844,June,2025
1703,2025-11-24,Home,Vase,350,3,Mumbai,Cash on Delivery,1050,November,2025
1704,2025-08-25,Electronics,Keyboard,1203,1,Pune,Credit Card,1203,August,2025
1705,2025-12-12,Clothing,Jacket,2974,3,Mumbai,UPI,8922,December,2025
1706,2025-12-10,Home,Bedsheet,902,5,Pune,Cash on Delivery,4510,December,2025
1707,2025-11-09,Electronics,Headphones,2001,4,Mumbai,UPI,8004,November,2025
1708,2025-05-08,Electronics,Headphones,1960,2,Hyderabad,Debit Card,3920,May,2025
1709,2025-02-15,Home,Vase,433,3,Pune,Credit Card,1299,February,2025
1710,2025-09-13,Electronics,Headphones,1978,4,Pune,Cash on Delivery,7912,September,2025
1711,2025-02-04,Clothing,T-Shirt,486,3,Bangalore,UPI,1458,February,2025
1712,2025-04-05,Home,Curtains,1224,5,Bangalore,Cash on Delivery,6120,April,2025
1713,2025-11-11,Clothing,T-Shirt,454,1,Mumbai,Credit Card,454,November,2025
1714,2025-12-26,Clothing,Jeans,1472,5,Pune,Cash on Delivery,7360,December,2025
1715,2025-11-09,Electronics,Laptop,44958,3,Bangalore,UPI,134874,November,2025
1716,2025-06-23,Home,Bedsheet,943,1,,Cash on Delivery,943,June,2025
1717,2025-01-11,Clothing,Jacket,2970,5,Chennai,Credit Card,14850,January,2025
1718,2025-08-15,Electronics,Keyboard,1194,4,Mumbai,Debit Card,4776,August,2025
1719,2025-08-25,Home,Bedsheet,931,4,Chennai,Debit Card,3724,August,2025
1720,2025-02-21,Electronics,Headphones,1964,2,Hyderabad,UPI,3928,February,2025
1721,2025-03-10,Electronics,Laptop,45034,2,Pune,Cash on Delivery,90068,March,2025
1722,2025-05-21,Clothing,Jacket,2995,4,Bangalore,UPI,11980,May,2025
1723,2025-11-15,Clothing,T-Shirt,472,1,Chennai,Cash on Delivery,472,November,2025
1724,2025-04-03,Electronics,Mouse,519,3,Delhi,Debit Card,1557,April,2025
1725,2025-08-22,Electronics,Keyboard,1197,3,Pune,Cash on Delivery,3591,August,2025
1726,2025-02-03,Clothing,Sneakers,2471,3,Pune,Debit Card,7413,February,2025
1727,2025-12-11,Clothing,Jacket,2998,3,Delhi,UPI,8994,December,2025
1728,2025-08-29,Electronics,Keyboard,1157,3,Chennai,UPI,3471,August,2025
1729,2025-07-19,Clothing,Jacket,2985,1,Bangalore,Debit Card,2985,July,2025
1730,2025-10-15,Clothing,Sneakers,2463,1,Pune,Debit Card,2463,October,2025
1731,2025-03-31,Electronics,Keyboard,1171,2,Mumbai,Credit Card,2342,March,2025
1732,2025-04-25,Home,Curtains,1210,4,Delhi,UPI,4840,April,2025
1733,2025-11-07,Home,Curtains,1168,1,Chennai,UPI,1168,November,2025
1734,2025-10-16,Home,Curtains,1155,4,Delhi,UPI,4620,October,2025
1735,2025-08-09,Clothing,Jacket,2972,1,Mumbai,Cash on Delivery,2972,August,2025
1736,2025-10-12,Home,Vase,376,2,Hyderabad,Debit Card,752,October,2025
1737,2025-02-09,Clothing,Sneakers,2480,1,Delhi,UPI,2480,February,2025
1738,2025-05-02,Clothing,T-Shirt,473,2,Pune,Cash on Delivery,946,May,2025
1739,2025-12-01,Electronics,Laptop,44997,3,Bangalore,Credit Card,134991,December,2025
1740,2025-07-01,Electronics,Mouse,508,5,Delhi,Cash on Delivery,2540,July,2025
1741,2025-04-02,Home,Bedsheet,854,5,Pune,Credit Card,4270,April,2025
1742,2025-08-28,Electronics,Headphones,1985,5,Pune,Debit Card,9925,August,2025
1743,2025-06-16,Clothing,Sneakers,2535,4,Bangalore,Debit Card,10140,June,2025
1744,2025-09-17,Clothing,Sneakers,2550,3,Pune,Cash on Delivery,7650,September,2025
1745,2025-08-20,Clothing,Sneakers,2471,4,Chennai,Credit Card,9884,August,2025
1746,2025-05-03,Electronics,Mouse,507,3,Mumbai,UPI,1521,May,2025
1747,2025-01-21,Electronics,Mouse,550,1,Delhi,Credit Card,550,January,2025
1748,2025-01-02,Electronics,Mouse,472,4,Delhi,Debit Card,1888,January,2025
1749,2025-03-06,Home,Bedsheet,857,3,Bangalore,Cash on Delivery,2571,March,2025
1750,2025-08-08,Clothing,Jeans,1535,5,Chennai,Debit Card,7675,August,2025
1751,2025-08-27,Electronics,Keyboard,1196,1,Hyderabad,Credit Card,1196,August,2025
1752,2025-11-07,Electronics,Mouse,499,3,Delhi,UPI,1497,November,2025
1753,2025-05-06,Home,Curtains,1240,1,Delhi,Debit Card,1240,May,2025
1754,2025-03-06,Electronics,Headphones,1973,3,Bangalore,Debit Card,5919,March,2025
1755,2025-08-09,Clothing,Jeans,1482,2,Bangalore,Cash on Delivery,2964,August,2025
1756,2025-01-10,Electronics,Mouse,501,5,Hyderabad,Debit Card,2505,January,2025
1757,2025-11-05,Clothing,T-Shirt,549,2,Mumbai,Cash on Delivery,1098,November,2025
1758,2025-01-21,Home,Curtains,1205,1,Pune,Cash on Delivery,1205,January,2025
1759,2025-12-25,Home,Bedsheet,897,4,Delhi,UPI,3588,December,2025
1760,2025-10-17,Home,Vase,357,2,Mumbai,Debit Card,714,October,2025
1761,2025-07-08,Home,Vase,397,3,Mumbai,Cash on Delivery,1191,July,2025
1762,2025-11-12,Electronics,Mouse,453,2,Mumbai,UPI,906,November,2025
1763,2025-09-29,Electronics,Headphones,1970,3,Delhi,Debit Card,5910,September,2025
1764,2025-08-12,Electronics,Headphones,1995,2,Hyderabad,UPI,3990,August,2025
1765,2025-02-19,Clothing,Sneakers,2534,5,Pune,Cash on Delivery,12670,February,2025
1766,2025-09-09,Electronics,Headphones,2022,1,Hyderabad,Debit Card,2022,September,2025
1767,2025-07-03,Electronics,Keyboard,1184,3,Delhi,Credit Card,3552,July,2025
1768,2025-07-21,Home,Curtains,1170,4,Hyderabad,Debit Card,4680,July,2025
1769,2025-02-02,Home,Curtains,1230,4,Hyderabad,Cash on Delivery,4920,February,2025
1770,2025-01-18,Electronics,Mouse,462,3,Delhi,Debit Card,1386,January,2025
1771,2025-12-12,Electronics,Headphones,1953,2,Pune,Credit Card,3906,December,2025
1772,2025-07-17,Home,Bedsheet,909,3,Hyderabad,Cash on Delivery,2727,July,2025
1773,2025-12-14,Home,Lamp,835,1,Bangalore,Debit Card,835,December,2025
1774,2025-09-22,Home,Curtains,1189,1,Chennai,Cash on Delivery,1189,September,2025
1775,2025-03-08,Clothing,Jeans,1487,4,Chennai,Debit Card,5948,March,2025
1776,2025-12-20,Clothing,Jacket,2961,4,Chennai,Cash on Delivery,11844,December,2025
1777,2025-03-23,Electronics,Headphones,1978,4,Chennai,UPI,7912,March,2025
1778,2025-05-26,Clothing,Sneakers,2478,2,Hyderabad,Credit Card,4956,May,2025
1779,2025-12-03,Clothing,T-Shirt,548,1,Bangalore,Cash on Delivery,548,December,2025
1780,2025-09-06,Electronics,Keyboard,1198,5,Pune,UPI,5990,September,2025
1781,2025-11-17,Electronics,Headphones,1981,1,Pune,Credit Card,1981,November,2025
1782,2025-05-17,Electronics,Laptop,44982,2,Hyderabad,Cash on Delivery,89964,May,2025
1783,2025-01-30,Electronics,Headphones,2047,3,Pune,Cash on Delivery,6141,January,2025
1784,2025-02-04,Clothing,Jacket,2958,5,Pune,UPI,14790,February,2025
1785,2025-01-04,Home,Curtains,1246,4,Pune,Cash on Delivery,4984,January,2025
1786,2025-11-14,Electronics,Mouse,464,4,Bangalore,Cash on Delivery,1856,November,2025
1787,2025-01-13,Clothing,T-Shirt,523,4,Chennai,UPI,2092,January,2025
1788,2025-05-31,Home,Bedsheet,853,3,Chennai,Credit Card,2559,May,2025
1789,2025-08-03,Home,Curtains,1223,4,Hyderabad,Credit Card,4892,August,2025
1790,2025-02-27,Home,Vase,439,4,Delhi,Cash on Delivery,1756,February,2025
1791,2025-05-05,Clothing,Jacket,2996,2,Delhi,Cash on Delivery,5992,May,2025
1792,2025-08-24,Electronics,Laptop,45006,2,Chennai,Credit Card,90012,August,2025
1793,2025-06-05,Home,Vase,415,3,Delhi,Cash on Delivery,1245,June,2025
1794,2025-09-25,Clothing,Sneakers,2490,5,Delhi,UPI,12450,September,2025
1795,2025-11-22,Clothing,Jacket,3030,1,Bangalore,Cash on Delivery,3030,November,2025
1796,2025-10-31,Electronics,Headphones,1981,2,Bangalore,Debit Card,3962,October,2025
1797,2025-05-06,Clothing,Sneakers,2535,1,Bangalore,Credit Card,2535,May,2025
1798,2025-05-02,Home,Lamp,779,4,Mumbai,Debit Card,3116,May,2025
1799,2025-03-28,Clothing,Jeans,1470,4,Pune,Credit Card,5880,March,2025
1800,2025-07-27,Clothing,Jeans,1460,3,Mumbai,Cash on Delivery,4380,July,2025
1801,2025-04-02,Home,Bedsheet,863,4,Mumbai,Credit Card,3452,April,2025
1802,2025-11-28,Electronics,Laptop,44985,1,Bangalore,Credit Card,44985,November,2025
1803,2025-09-02,Clothing,Jacket,2994,5,Pune,Cash on Delivery,14970,September,2025
1804,2025-08-15,Home,Lamp,760,5,Mumbai,Debit Card,3800,August,2025
1805,2025-04-02,Clothing,Jacket,2953,4,Mumbai,UPI,11812,April,2025
1806,2025-03-30,Home,Bedsheet,929,2,Pune,Debit Card,1858,March,2025
1807,2025-05-29,Electronics,Keyboard,1226,3,Chennai,UPI,3678,May,2025
1808,2025-12-28,Electronics,Headphones,2046,2,Chennai,Cash on Delivery,4092,December,2025
1809,2025-10-01,Clothing,Jeans,1457,4,Chennai,UPI,5828,October,2025
1810,2025-10-03,Home,Lamp,810,4,Chennai,Cash on Delivery,3240,October,2025
1811,2025-03-27,Electronics,Keyboard,1154,4,Bangalore,Debit Card,4616,March,2025
1812,2025-03-09,Clothing,Jeans,1496,3,Chennai,Cash on Delivery,4488,March,2025
1813,2025-06-20,Home,Curtains,1234,1,Hyderabad,UPI,1234,June,2025
1814,2025-03-24,Electronics,Mouse,488,2,Chennai,Credit Card,976,March,2025
1815,2025-03-02,Clothing,Sneakers,2505,4,Pune,Credit Card,10020,March,2025
1816,2025-10-10,Home,Lamp,783,4,Delhi,Debit Card,3132,October,2025
1817,2025-11-01,Home,Curtains,1196,4,Delhi,Cash on Delivery,4784,November,2025
1818,2025-08-22,Clothing,Sneakers,2468,3,Mumbai,Cash on Delivery,7404,August,2025
1819,2025-12-15,Home,Bedsheet,901,3,Hyderabad,Credit Card,2703,December,2025
1820,2025-05-31,Clothing,Jeans,1479,2,Chennai,Credit Card,2958,May,2025
1821,2025-10-02,Home,Bedsheet,895,2,Pune,Credit Card,1790,October,2025
1822,2025-09-21,Electronics,Keyboard,1174,5,Hyderabad,UPI,5870,September,2025
1823,2025-03-02,Clothing,Jeans,1537,4,Hyderabad,Cash on Delivery,6148,March,2025
1824,2025-04-27,Clothing,Jeans,1511,5,Mumbai,Debit Card,7555,April,2025
1825,2025-03-23,Clothing,T-Shirt,452,3,Delhi,UPI,1356,March,2025
1826,2025-11-08,Clothing,Sneakers,2544,2,Mumbai,Credit Card,5088,November,2025
1827,2025-07-02,Electronics,Keyboard,1152,2,Delhi,Cash on Delivery,2304,July,2025
1828,2025-12-22,Electronics,Laptop,44958,5,Hyderabad,UPI,224790,December,2025
1829,2025-04-26,Electronics,Laptop,45047,4,Delhi,Credit Card,180188,April,2025
1830,2025-03-29,Home,Vase,404,2,Chennai,UPI,808,March,2025
1831,2025-10-29,Home,Bedsheet,910,3,Pune,Cash on Delivery,2730,October,2025
1832,2025-08-26,Clothing,T-Shirt,536,3,Bangalore,Cash on Delivery,1608,August,2025
1833,2025-10-06,Clothing,Jeans,1467,4,Bangalore,UPI,5868,October,2025
1834,2025-05-02,Home,Bedsheet,903,2,Mumbai,Debit Card,1806,May,2025
1835,2025-06-29,Electronics,Keyboard,1150,1,Delhi,UPI,1150,June,2025
1836,2025-07-11,Home,Vase,351,5,Bangalore,Cash on Delivery,1755,July,2025
1837,2025-11-30,Clothing,Jeans,1464,2,Mumbai,Debit Card,2928,November,2025
1838,2025-10-20,Electronics,Mouse,542,3,Bangalore,Cash on Delivery,1626,October,2025
1839,2025-04-24,Home,Curtains,1221,5,Pune,Debit Card,6105,April,2025
1840,2025-09-10,Electronics,Headphones,2042,2,Delhi,UPI,4084,September,2025
1841,2025-04-30,Home,Lamp,823,3,Delhi,Debit Card,2469,April,2025
1842,2025-06-05,Clothing,Jacket,3004,2,Pune,Debit Card,6008,June,2025
1843,2025-03-01,Electronics,Mouse,540,3,Pune,Debit Card,1620,March,2025
1844,2025-04-13,Clothing,Jacket,2969,4,Delhi,UPI,11876,April,2025
1845,2025-01-16,Electronics,Headphones,1980,4,Delhi,Cash on Delivery,7920,January,2025
1846,2025-10-25,Home,Lamp,810,2,Delhi,Credit Card,1620,October,2025
1847,2025-10-17,Home,Bedsheet,884,5,Mumbai,Debit Card,4420,October,2025
1848,2025-08-12,Clothing,Jeans,1460,1,Bangalore,Credit Card,1460,August,2025
1849,2025-11-04,Electronics,Headphones,2022,2,Mumbai,Credit Card,4044,November,2025
1850,2025-10-20,Clothing,Sneakers,2535,3,Pune,Debit Card,7605,October,2025
1851,2025-07-23,Home,Bedsheet,941,5,Chennai,Debit Card,4705,July,2025
1852,2025-07-12,Electronics,Headphones,2040,5,Chennai,Credit Card,10200,July,2025
1853,2025-05-01,Electronics,Headphones,2045,5,Chennai,Credit Card,10225,May,2025
1854,2025-02-21,Clothing,Jeans,1468,5,Delhi,Credit Card,7340,February,2025
1855,2025-11-05,Clothing,Jeans,1467,5,Delhi,Credit Card,7335,November,2025
1856,2025-08-08,Electronics,Headphones,2033,4,Pune,UPI,8132,August,2025
1857,2025-07-20,Home,Bedsheet,934,1,Delhi,UPI,934,July,2025
1858,2025-10-24,Electronics,Headphones,1977,3,Chennai,Debit Card,5931,October,2025
1859,2025-07-22,Electronics,Headphones,1952,2,Delhi,UPI,3904,July,2025
1860,2025-04-08,Home,Lamp,795,1,Hyderabad,Cash on Delivery,795,April,2025
1861,2025-04-03,Electronics,Headphones,2049,2,Pune,Debit Card,4098,April,2025
1862,2025-01-22,Home,Lamp,809,4,Delhi,Debit Card,3236,January,2025
1863,2025-06-23,Clothing,Sneakers,2550,5,Delhi,Debit Card,12750,June,2025
1864,2025-01-24,Home,Bedsheet,907,2,Delhi,UPI,1814,January,2025
1865,2025-08-10,Electronics,Mouse,454,5,Chennai,Credit Card,2270,August,2025
1866,2025-06-02,Electronics,Headphones,1980,5,Bangalore,Credit Card,9900,June,2025
1867,2025-08-23,Clothing,Jacket,3005,3,Mumbai,Credit Card,9015,August,2025
1868,2025-07-17,Electronics,Laptop,44998,5,Mumbai,Cash on Delivery,224990,July,2025
1869,2025-06-21,Electronics,Laptop,44983,4,Mumbai,UPI,179932,June,2025
1870,2025-09-03,Electronics,Mouse,455,5,Delhi,Cash on Delivery,2275,September,2025
1871,2025-05-08,Clothing,Jeans,1530,4,Chennai,Debit Card,6120,May,2025
1872,2025-07-21,Clothing,T-Shirt,533,3,Mumbai,Debit Card,1599,July,2025
1873,2025-07-15,Electronics,Mouse,482,4,Chennai,Debit Card,1928,July,2025
1874,2025-03-13,Home,Lamp,788,5,Chennai,Debit Card,3940,March,2025
1875,2025-10-07,Electronics,Keyboard,1156,5,Delhi,Cash on Delivery,5780,October,2025
1876,2025-10-30,Electronics,Keyboard,1226,1,Hyderabad,Credit Card,1226,October,2025
1877,2025-05-15,Clothing,Jeans,1481,3,Delhi,UPI,4443,May,2025
1878,2025-02-06,Electronics,Headphones,2020,3,Pune,Debit Card,6060,February,2025
1879,2025-12-22,Clothing,T-Shirt,473,5,Mumbai,Cash on Delivery,2365,December,2025
1880,2025-04-09,Electronics,Headphones,1983,5,Hyderabad,Cash on Delivery,9915,April,2025
1881,2025-04-06,Clothing,T-Shirt,544,2,Bangalore,UPI,1088,April,2025
1882,2025-03-26,Home,Bedsheet,888,4,Bangalore,UPI,3552,March,2025
1883,2025-12-02,Electronics,Mouse,525,3,Bangalore,Credit Card,1575,December,2025
1884,2025-03-31,Electronics,Keyboard,1224,4,Chennai,Cash on Delivery,4896,March,2025
1885,2025-09-08,Electronics,Keyboard,1183,4,Hyderabad,Cash on Delivery,4732,September,2025
1886,2025-11-09,Home,Vase,369,4,Hyderabad,Credit Card,1476,November,2025
1887,2025-07-19,Clothing,Sneakers,2506,5,Hyderabad,UPI,12530,July,2025
1888,2025-02-05,Home,Curtains,1155,5,Chennai,Cash on Delivery,5775,February,2025
1889,2025-10-11,Electronics,Mouse,528,3,Chennai,Credit Card,1584,October,2025
1890,2025-02-22,Electronics,Laptop,44958,4,Pune,Credit Card,179832,February,2025
1891,2025-10-08,Electronics,Mouse,513,3,Hyderabad,UPI,1539,October,2025
1892,2025-12-25,Clothing,Jacket,3009,3,Mumbai,UPI,9027,December,2025
1893,2025-12-08,Home,Vase,368,5,Chennai,Cash on Delivery,1840,December,2025
1894,2025-08-11,Clothing,T-Shirt,454,4,Chennai,Debit Card,1816,August,2025
1895,2025-06-13,Electronics,Keyboard,1151,3,Bangalore,Credit Card,3453,June,2025
1896,2025-06-05,Electronics,Keyboard,1235,1,Mumbai,Credit Card,1235,June,2025
1897,2025-06-25,Home,Lamp,798,1,Pune,UPI,798,June,2025
1898,2025-02-04,Electronics,Headphones,1995,2,Delhi,Debit Card,3990,February,2025
1899,2025-08-24,Electronics,Headphones,1962,4,Chennai,Debit Card,7848,August,2025
1900,2025-09-16,Clothing,Jacket,3006,3,Bangalore,Cash on Delivery,9018,September,2025
1901,2025-09-17,Clothing,Sneakers,2513,2,Pune,Cash on Delivery,5026,September,2025
1902,2025-08-07,Electronics,Keyboard,1204,2,Mumbai,UPI,2408,August,2025
1903,2025-02-12,Clothing,T-Shirt,522,3,Mumbai,Cash on Delivery,1566,February,2025
1904,2025-01-08,Electronics,Laptop,44974,5,Hyderabad,UPI,224870,January,2025
1905,2025-05-05,Electronics,Mouse,545,1,Delhi,UPI,545,May,2025
1906,2025-10-17,Clothing,Jacket,2966,3,Hyderabad,Cash on Delivery,8898,October,2025
1907,2025-09-17,Electronics,Keyboard,1243,5,Chennai,Cash on Delivery,6215,September,2025
1908,2025-06-27,Clothing,Sneakers,2520,4,Delhi,UPI,10080,June,2025
1909,2025-01-14,Clothing,T-Shirt,542,3,Mumbai,Credit Card,1626,January,2025
1910,2025-06-22,Electronics,Laptop,44950,4,Delhi,UPI,179800,June,2025
1911,2025-09-10,Home,Vase,444,3,Bangalore,Debit Card,1332,September,2025
1912,2025-03-06,Electronics,Keyboard,1215,5,Delhi,UPI,6075,March,2025
1913,2025-01-10,Home,Lamp,778,1,Pune,Cash on Delivery,778,January,2025
1914,2025-11-24,Home,Curtains,1242,3,Chennai,UPI,3726,November,2025
1915,2025-02-18,Home,Curtains,1219,4,Pune,Debit Card,4876,February,2025
1916,2025-05-23,Clothing,T-Shirt,467,3,Mumbai,Credit Card,1401,May,2025
1917,2025-05-30,Home,Curtains,1191,3,Delhi,Credit Card,3573,May,2025
1918,2025-04-26,Electronics,Keyboard,1207,1,Pune,Debit Card,1207,April,2025
1919,2025-11-10,Electronics,Mouse,472,3,Hyderabad,Debit Card,1416,November,2025
1920,2025-06-07,Home,Vase,444,3,Pune,UPI,1332,June,2025
1921,2025-10-21,Home,Lamp,802,2,Hyderabad,Credit Card,1604,October,2025
1922,2025-04-26,Clothing,T-Shirt,522,1,Hyderabad,UPI,522,April,2025
1923,2025-03-29,Electronics,Laptop,45008,1,Bangalore,UPI,45008,March,2025
1924,2025-02-06,Home,Vase,356,1,Pune,Debit Card,356,February,2025
1925,2025-07-08,Electronics,Headphones,2004,4,Pune,Debit Card,8016,July,2025
1926,2025-04-12,Electronics,Mouse,517,1,Bangalore,Cash on Delivery,517,April,2025
1927,2025-06-25,Home,Curtains,1217,4,Hyderabad,Debit Card,4868,June,2025
1928,2025-12-29,Home,Bedsheet,882,4,Chennai,UPI,3528,December,2025
1929,2025-06-22,Electronics,Keyboard,1162,5,Delhi,Cash on Delivery,5810,June,2025
1930,2025-03-20,Clothing,T-Shirt,519,4,Hyderabad,UPI,2076,March,2025
1931,2025-10-12,Home,Vase,396,4,Hyderabad,Debit Card,1584,October,2025
1932,2025-01-27,Clothing,Sneakers,2472,3,Mumbai,Debit Card,7416,January,2025
1933,2025-05-14,Clothing,Jeans,1536,2,Mumbai,Credit Card,3072,May,2025
1934,2025-07-22,Home,Vase,403,1,Mumbai,UPI,403,July,2025
1935,2025-07-24,Electronics,Headphones,2000,2,Mumbai,Credit Card,4000,July,2025
1936,2025-03-05,Home,Bedsheet,869,2,Pune,Credit Card,1738,March,2025
1937,2025-11-30,Electronics,Keyboard,1221,1,Pune,Credit Card,1221,November,2025
1938,2025-08-23,Home,Lamp,820,3,Delhi,Debit Card,2460,August,2025
1939,2025-09-15,Clothing,Jacket,2987,3,Chennai,Cash on Delivery,8961,September,2025
1940,2025-06-29,Clothing,Sneakers,2517,4,Bangalore,UPI,10068,June,2025
1941,2025-06-02,Electronics,Headphones,1973,4,Bangalore,Debit Card,7892,June,2025
1942,2025-12-01,Home,Curtains,1167,1,Bangalore,UPI,1167,December,2025
1943,2025-03-11,Electronics,Keyboard,1200,3,Pune,Cash on Delivery,3600,March,2025
1944,2025-04-18,Electronics,Laptop,45005,2,Chennai,Cash on Delivery,90010,April,2025
1945,2025-07-05,Clothing,Sneakers,2492,3,Chennai,Cash on Delivery,7476,July,2025
1946,2025-06-08,Home,Curtains,1168,5,Mumbai,Debit Card,5840,June,2025
1947,2025-06-02,Electronics,Headphones,1981,3,Hyderabad,Credit Card,5943,June,2025
1948,2025-05-25,Clothing,Sneakers,2472,3,Pune,UPI,7416,May,2025
1949,2025-09-22,Electronics,Laptop,45016,1,Hyderabad,Cash on Delivery,45016,September,2025
1950,2025-07-07,Home,Bedsheet,876,5,Bangalore,Cash on Delivery,4380,July,2025
1951,2025-10-18,Electronics,Headphones,1970,1,Pune,Debit Card,1970,October,2025
1952,2025-02-15,Clothing,Jeans,1539,2,Bangalore,Cash on Delivery,3078,February,2025
1953,2025-08-04,Home,Lamp,816,3,Bangalore,Credit Card,2448,August,2025
1954,2025-05-09,Home,Vase,402,3,Delhi,Credit Card,1206,May,2025
1955,2025-05-07,Clothing,T-Shirt,461,4,Bangalore,UPI,1844,May,2025
1956,2025-02-27,Clothing,Jeans,1529,3,Bangalore,Debit Card,4587,February,2025
1957,2025-09-07,Electronics,Laptop,45000,3,Hyderabad,UPI,135000,September,2025
1958,2025-11-14,Clothing,Jacket,3001,5,Delhi,UPI,15005,November,2025
1959,2025-09-30,Electronics,Keyboard,1182,1,Chennai,Debit Card,1182,September,2025
1960,2025-03-12,Home,Lamp,750,4,Delhi,UPI,3000,March,2025
1961,2025-11-04,Clothing,Jeans,1480,1,Bangalore,Cash on Delivery,1480,November,2025
1962,2025-04-01,Clothing,T-Shirt,547,3,Hyderabad,Debit Card,1641,April,2025
1963,2025-11-10,Clothing,Jeans,1534,2,Chennai,UPI,3068,November,2025
1964,2025-11-19,Home,Vase,431,1,Bangalore,Debit Card,431,November,2025
1965,2025-12-07,Clothing,Jeans,1491,5,Delhi,UPI,7455,December,2025
1966,2025-12-11,Home,Bedsheet,877,1,Mumbai,Credit Card,877,December,2025
1967,2025-06-25,Home,Bedsheet,850,2,Mumbai,Cash on Delivery,1700,June,2025
1968,2025-04-06,Home,Curtains,1194,4,Chennai,Debit Card,4776,April,2025
1969,2025-05-29,Electronics,Headphones,2006,2,Pune,Cash on Delivery,4012,May,2025
1970,2025-12-08,Home,Lamp,811,5,Hyderabad,Credit Card,4055,December,2025
1971,2025-03-12,Clothing,Jeans,1467,2,Pune,Cash on Delivery,2934,March,2025
1972,2025-03-30,Clothing,Jeans,1509,5,Chennai,UPI,7545,March,2025
1973,2025-01-13,Clothing,T-Shirt,522,3,Pune,Debit Card,1566,January,2025
1974,2025-12-12,Electronics,Mouse,549,1,Bangalore,UPI,549,December,2025
1975,2025-02-28,Clothing,Jacket,2952,1,Delhi,UPI,2952,February,2025
1976,2025-09-28,Electronics,Laptop,45038,4,Pune,Debit Card,180152,September,2025
1977,2025-08-10,Electronics,Laptop,45010,4,Pune,UPI,180040,August,2025
1978,2025-11-06,Electronics,Headphones,2024,3,Hyderabad,Debit Card,6072,November,2025
1979,2025-01-17,Home,Lamp,794,3,Chennai,Debit Card,2382,January,2025
1980,2025-11-20,Home,Vase,378,1,Hyderabad,Debit Card,378,November,2025
1981,2025-06-15,Clothing,T-Shirt,535,5,Hyderabad,Cash on Delivery,2675,June,2025
1982,2025-03-31,Home,Vase,397,2,Pune,Cash on Delivery,794,March,2025
1983,2025-08-20,Home,Curtains,1192,5,Pune,Debit Card,5960,August,2025
1984,2025-04-05,Home,Vase,365,5,Mumbai,Debit Card,1825,April,2025
1985,2025-04-27,Home,Curtains,1220,3,Delhi,Credit Card,3660,April,2025
1986,2025-07-04,Electronics,Laptop,44991,5,Hyderabad,Cash on Delivery,224955,July,2025
1987,2025-09-04,Electronics,Headphones,1958,3,Pune,Credit Card,5874,September,2025
1988,2025-09-29,Clothing,Jacket,2961,5,Mumbai,UPI,14805,September,2025
1989,2025-07-28,Clothing,Jeans,1476,1,Pune,UPI,1476,July,2025
1990,2025-08-16,Clothing,Sneakers,2538,3,Bangalore,Credit Card,7614,August,2025
1991,2025-02-09,Clothing,Jacket,3003,4,Bangalore,Credit Card,12012,February,2025
1992,2025-08-29,Clothing,Sneakers,2498,3,Pune,Credit Card,7494,August,2025
1993,2025-02-08,Electronics,Headphones,1964,1,Delhi,Cash on Delivery,1964,February,2025
1994,2025-08-29,Home,Vase,412,4,Pune,Credit Card,1648,August,2025
1995,2025-01-10,Clothing,Sneakers,2456,4,Mumbai,Cash on Delivery,9824,January,2025
1996,2025-02-06,Electronics,Mouse,462,5,Mumbai,Debit Card,2310,February,2025
1997,2025-12-01,Electronics,Laptop,44968,2,Chennai,UPI,89936,December,2025
1998,2025-07-15,Home,Bedsheet,880,5,Chennai,Debit Card,4400,July,2025
1999,2025-10-13,Clothing,Jacket,2959,3,Delhi,Credit Card,8877,October,2025
