Order_ID,Date,Category,Product,Unit_Price,Quantity,City,Payment_Method
1000,2025-11-15,Clothing,T-Shirt,478,2,Bangalore,Credit Card
1001,2025-11-24,Clothing,Jeans,1516,5,Chennai,Debit Card
1002,2025-04-05,Home,Bedsheet,934,5,Mumbai,UPI
1003,2025-06-05,Home,Vase,380,3,Pune,Cash on Delivery
1004,2025-01-24,Home,Curtains,1236,3,Hyderabad,Credit Card
1005,2025-05-07,Electronics,Headphones,1979,5,Mumbai,Cash on Delivery
1006,2025-08-17,Clothing,T-Shirt,502,5,Mumbai,Cash on Delivery
1007,2025-03-17,Home,Lamp,834,5,Bangalore,Debit Card
1008,2025-06-20,Clothing,T-Shirt,504,3,Mumbai,Debit Card
1009,2025-12-17,Electronics,Laptop,45031,2,Chennai,Debit Card
1010,2025-01-08,Home,Bedsheet,887,1,Bangalore,UPI
1011,2025-12-09,Clothing,Jeans,1524,5,Hyderabad,Credit Card
1012,2025-10-05,Home,Bedsheet,876,3,Bangalore,Cash on Delivery
1013,2025-08-17,Home,Vase,362,2,Hyderabad,Cash on Delivery
1014,2025-11-26,Electronics,Keyboard,1161,4,Hyderabad,Cash on Delivery
1015,2025-12-31,Home,Bedsheet,873,4,Delhi,Debit Card
1016,2025-12-30,Electronics,Keyboard,1167,3,Pune,Debit Card
1017,2025-09-26,Clothing,Jeans,1520,4,Pune,UPI
1018,2025-11-17,Clothing,Jeans,1519,3,Bangalore,Debit Card
1019,2025-03-17,Home,Curtains,1197,2,Hyderabad,Cash on Delivery
1020,2025-02-16,Clothing,Jeans,1544,1,Hyderabad,Debit Card
1021,2025-09-15,Home,Vase,388,2,Mumbai,Credit Card
1022,2025-09-15,Clothing,Sneakers,2547,1,Mumbai,Cash on Delivery
1023,2025-09-20,Clothing,Sneakers,2503,2,Hyderabad,Credit Card
1024,2025-09-15,Clothing,Jacket,3019,3,Pune,UPI
1025,2025-04-27,Electronics,Keyboard,1246,2,Bangalore,Cash on Delivery
1026,2025-10-11,Clothing,T-Shirt,545,5,Pune,UPI
1027,2025-02-09,Electronics,Laptop,45037,4,Mumbai,Credit Card
1028,2025-04-10,Electronics,Mouse,488,4,Chennai,UPI
1029,2025-08-02,Electronics,Keyboard,1152,5,Chennai,Credit Card
1030,2025-02-10,Home,Bedsheet,880,1,Bangalore,Cash on Delivery
1031,2025-06-29,Home,Curtains,1240,5,Mumbai,Cash on Delivery
1032,2025-03-21,Electronics,Mouse,452,4,Delhi,Cash on Delivery
1033,2025-06-10,Home,Curtains,1222,1,Delhi,Cash on Delivery
1034,2025-12-29,Clothing,Jacket,2959,3,Bangalore,Credit Card
1035,2025-07-14,Home,Bedsheet,866,3,Pune,Debit Card
1036,2025-12-01,Electronics,Keyboard,1246,2,Delhi,UPI
1037,2025-01-13,Electronics,Laptop,44956,5,Bangalore,UPI
1038,2025-09-24,Home,Bedsheet,867,5,,UPI
1039,2025-02-05,Home,Vase,412,5,Chennai,Debit Card
1040,2025-09-14,Home,Vase,427,2,Bangalore,Credit Card
1041,2025-06-07,Home,Bedsheet,926,4,Mumbai,Credit Card
1042,2025-07-22,Clothing,Sneakers,2527,5,Bangalore,Credit Card
1043,2025-12-14,Electronics,Keyboard,1212,3,Delhi,UPI
1044,2025-12-15,Home,Bedsheet,871,1,Chennai,Debit Card
1045,2025-08-12,Electronics,Mouse,457,1,Chennai,Cash on Delivery
1046,2025-08-25,Clothing,Jeans,1453,5,Chennai,Cash on Delivery
1047,2025-02-25,Home,Vase,438,4,Hyderabad,Debit Card
1048,2025-05-30,Home,Curtains,1169,5,Bangalore,Debit Card
1049,2025-01-25,Clothing,Jacket,3037,3,Pune,Debit Card
1050,2025-02-14,Home,Bedsheet,868,5,Chennai,UPI
1051,2025-01-10,Home,Vase,398,2,Hyderabad,Debit Card
1052,2025-09-25,Clothing,Jacket,2987,4,Bangalore,Credit Card
1053,2025-09-05,Clothing,T-Shirt,472,2,Pune,Debit Card
1054,2025-09-04,Electronics,Keyboard,1153,2,Hyderabad,Cash on Delivery
1055,2025-02-13,Home,Lamp,814,1,Hyderabad,UPI
1056,2025-07-13,Electronics,Headphones,2046,4,Bangalore,UPI
1057,2025-07-26,Home,Lamp,780,3,Bangalore,Credit Card
1058,2025-12-10,Home,Bedsheet,931,4,Hyderabad,UPI
1059,2025-09-10,Electronics,Laptop,44986,4,Pune,Credit Card
1060,2025-01-21,Electronics,Keyboard,1224,5,Hyderabad,Debit Card
1061,2026-01-01,Electronics,Keyboard,1250,2,Bangalore,Cash on Delivery
1062,2025-11-12,Home,Curtains,1209,1,Hyderabad,Debit Card
1063,2025-08-25,Home,Vase,412,5,Bangalore,Debit Card
1064,2025-10-06,Clothing,Sneakers,2461,3,Bangalore,Credit Card
1065,2025-12-29,Electronics,Laptop,45008,4,Bangalore,Cash on Delivery
1066,2025-11-26,Electronics,Keyboard,1243,1,Bangalore,Debit Card
1067,2025-03-15,Home,Vase,438,3,Mumbai,Cash on Delivery
1068,2025-03-18,Electronics,Mouse,466,3,Chennai,Cash on Delivery
1069,2025-08-29,Electronics,Headphones,1958,4,Hyderabad,Debit Card
1070,2025-10-15,Home,Lamp,849,2,Pune,UPI
1071,2025-11-15,Home,Lamp,832,2,Mumbai,Debit Card
1072,2025-01-19,Clothing,Jeans,1500,2,Hyderabad,Cash on Delivery
1073,2025-08-05,Electronics,Headphones,1994,1,Chennai,UPI
1074,2025-08-22,Home,Vase,374,2,Chennai,UPI
1075,2025-06-04,Clothing,Jeans,1497,4,Bangalore,Credit Card
1076,2025-03-23,Clothing,Jacket,2992,1,Mumbai,Cash on Delivery
1077,2025-10-16,Home,Vase,366,5,Hyderabad,UPI
1078,2025-01-12,Electronics,Mouse,524,4,Mumbai,UPI
1079,2025-04-02,Clothing,T-Shirt,543,2,Bangalore,Cash on Delivery
1080,2025-12-24,Home,Bedsheet,919,5,Hyderabad,Credit Card
1081,2025-06-19,Electronics,Laptop,44956,4,Pune,Credit Card
1082,2025-05-14,Clothing,T-Shirt,450,2,Pune,Cash on Delivery
1083,2025-08-21,Electronics,Headphones,2017,2,Chennai,Debit Card
1084,2025-05-15,Home,Vase,377,1,Chennai,UPI
1085,2025-04-25,Clothing,Jacket,2998,2,Delhi,Debit Card
1086,2025-12-29,Clothing,T-Shirt,506,1,Bangalore,Credit Card
1087,2025-10-19,Electronics,Laptop,44976,5,Chennai,Credit Card
1088,2025-06-28,Electronics,Keyboard,1163,2,Delhi,Debit Card
1089,2025-10-24,Clothing,T-Shirt,481,1,Bangalore,Credit Card
1090,2025-06-16,Electronics,Keyboard,1183,5,Hyderabad,Cash on Delivery
1091,2025-09-13,Electronics,Headphones,1990,5,Delhi,Credit Card
1092,2025-10-06,Clothing,Jacket,3015,1,Delhi,Credit Card
1093,2025-10-17,Electronics,Mouse,462,4,Hyderabad,UPI
1094,2025-09-01,Electronics,Headphones,2013,2,Delhi,Debit Card
1095,2025-11-26,Clothing,Sneakers,2466,2,Delhi,Credit Card
1096,2025-06-30,Electronics,Headphones,2049,1,,UPI
1097,2025-12-18,Electronics,Mouse,469,1,Chennai,Credit Card
1098,2025-09-13,Clothing,Jacket,3026,3,Bangalore,Cash on Delivery
1099,2025-02-23,Electronics,Mouse,456,3,Mumbai,Debit Card
1100,2025-06-10,Clothing,Jacket,2974,2,Bangalore,UPI
1101,2025-05-27,Home,Curtains,1230,5,Chennai,UPI
1102,2025-07-15,Electronics,Mouse,544,1,Chennai,UPI
1103,2025-03-12,Electronics,Headphones,2001,5,Delhi,Cash on Delivery
1104,2025-03-23,Home,Lamp,840,4,Chennai,Cash on Delivery
1105,2025-07-05,Electronics,Mouse,502,1,Pune,Credit Card
1106,2025-08-17,Home,Bedsheet,917,3,Bangalore,UPI
1107,2025-08-05,Home,Vase,404,4,Hyderabad,UPI
1108,2025-12-29,Electronics,Mouse,481,3,Bangalore,Credit Card
1109,2025-01-20,Clothing,Jacket,3038,4,Pune,Debit Card
1110,2025-06-17,Clothing,Jeans,1470,4,Mumbai,UPI
1111,2025-04-19,Home,Lamp,804,5,Chennai,UPI
1112,2025-11-25,Clothing,Jeans,1464,3,Delhi,Debit Card
1113,2025-12-29,Clothing,Sneakers,2452,2,Delhi,UPI
1114,2025-12-13,Home,Vase,444,2,Mumbai,UPI
1115,2025-10-20,Home,Bedsheet,852,1,Delhi,Cash on Delivery
1116,2025-10-02,Electronics,Laptop,45044,2,Bangalore,Cash on Delivery
1117,2025-03-20,Home,Bedsheet,901,1,Hyderabad,Credit Card
1118,2025-07-28,Home,Vase,395,2,Delhi,Cash on Delivery
1119,2025-04-12,Home,Vase,445,3,Mumbai,Debit Card
1120,2025-09-27,Home,Vase,376,3,Pune,UPI
1121,2025-02-05,Home,Curtains,1202,4,Bangalore,Credit Card
1122,2025-04-10,Electronics,Keyboard,1245,2,Pune,Debit Card
1123,2025-07-17,Clothing,T-Shirt,515,2,Pune,UPI
1124,2025-01-24,Clothing,T-Shirt,529,4,Mumbai,UPI
1125,2025-01-05,Home,Lamp,804,4,Pune,Debit Card
1126,2025-11-04,Electronics,Keyboard,1239,4,Delhi,Credit Card
1127,2025-08-30,Clothing,Jeans,1486,1,Bangalore,Debit Card
1128,2025-03-26,Home,Vase,395,1,Pune,Cash on Delivery
1129,2025-08-17,Electronics,Headphones,1991,2,Mumbai,Credit Card
1130,2025-04-12,Electronics,Headphones,1981,5,Delhi,Cash on Delivery
1131,2025-01-28,Clothing,Jacket,3030,3,Chennai,UPI
1132,2025-03-28,Home,Bedsheet,891,4,Chennai,Debit Card
1133,2025-08-11,Clothing,Sneakers,2526,5,Chennai,UPI
1134,2025-12-25,Clothing,Jacket,2963,3,Delhi,UPI
1135,2025-09-05,Electronics,Mouse,485,4,Bangalore,Credit Card
1136,2025-04-22,Home,Vase,402,3,Delhi,Credit Card
1137,2025-07-25,Electronics,Laptop,44961,1,Delhi,Cash on Delivery
1138,2025-12-07,Clothing,T-Shirt,482,2,Chennai,UPI
1139,2025-03-30,Clothing,Jacket,2968,4,Mumbai,Cash on Delivery
1140,2025-10-06,Electronics,Headphones,2029,5,Mumbai,Debit Card
1141,2025-10-26,Home,Vase,383,5,Delhi,Cash on Delivery
1142,2025-04-13,Clothing,Jeans,1489,5,Mumbai,Debit Card
1143,2025-01-09,Home,Lamp,839,2,Chennai,Credit Card
1144,2025-03-23,Clothing,Jeans,1533,3,Bangalore,UPI
1145,2025-10-03,Electronics,Mouse,465,4,Pune,Cash on Delivery
1146,2025-11-22,Clothing,Jeans,1491,5,Delhi,Cash on Delivery
1147,2025-10-02,Electronics,Mouse,468,5,Chennai,Credit Card
1148,2025-04-18,Home,Lamp,805,3,Pune,UPI
1149,2025-10-20,Home,Curtains,1155,3,Mumbai,Credit Card
1150,2025-09-04,Home,Curtains,1219,2,Hyderabad,UPI
1151,2025-11-30,Home,Bedsheet,931,4,Chennai,Credit Card
1152,2025-10-26,Home,Bedsheet,947,5,Hyderabad,Cash on Delivery
1153,2025-09-13,Clothing,T-Shirt,461,4,Hyderabad,Credit Card
1154,2025-02-27,Electronics,Keyboard,1177,1,Bangalore,UPI
1155,2025-10-29,Home,Bedsheet,862,3,Pune,Credit Card
1156,2025-01-24,Electronics,Keyboard,1152,3,Delhi,Credit Card
1157,2025-05-06,Clothing,T-Shirt,546,4,Mumbai,Debit Card
1158,2025-04-11,Electronics,Keyboard,1221,3,Mumbai,Debit Card
1159,2025-03-04,Home,Vase,373,5,Hyderabad,Credit Card
1160,2025-03-25,Home,Lamp,772,4,Hyderabad,UPI
1161,2025-04-10,Home,Vase,361,4,Pune,UPI
1162,2025-05-22,Electronics,Headphones,2045,4,Delhi,UPI
1163,2025-12-28,Clothing,T-Shirt,450,1,Mumbai,Debit Card
1164,2025-08-28,Electronics,Mouse,546,4,Mumbai,Debit Card
1165,2025-12-20,Clothing,Jacket,2969,1,Mumbai,Credit Card
1166,2025-05-13,Home,Curtains,1197,5,Hyderabad,Cash on Delivery
1167,2025-08-21,Clothing,Jeans,1498,1,Bangalore,UPI
1168,2025-11-19,Clothing,Jacket,3041,1,Chennai,Cash on Delivery
1169,2025-10-18,Clothing,Jeans,1498,5,Chennai,Debit Card
1170,2025-02-14,Electronics,Headphones,2005,5,Mumbai,Cash on Delivery
1171,2025-04-03,Clothing,Jeans,1479,1,Delhi,Cash on Delivery
1172,2025-09-25,Clothing,T-Shirt,543,3,Chennai,Cash on Delivery
1173,2025-06-28,Electronics,Headphones,1966,3,Pune,Credit Card
1174,2025-05-12,Electronics,Keyboard,1195,2,Pune,Cash on Delivery
1175,2025-04-16,Clothing,T-Shirt,473,1,Delhi,Cash on Delivery
1176,2025-08-12,Home,Bedsheet,853,3,Delhi,Cash on Delivery
1177,2025-09-09,Clothing,Jeans,1546,3,Hyderabad,UPI
1178,2025-04-22,Clothing,Sneakers,2455,2,Chennai,UPI
1179,2025-08-16,Clothing,Jacket,3028,1,Hyderabad,UPI
1180,2025-09-18,Electronics,Headphones,2050,2,Bangalore,Debit Card
1181,2025-12-04,Electronics,Laptop,45046,3,Chennai,UPI
1182,2025-08-14,Electronics,Laptop,44993,2,Bangalore,Credit Card
1183,2025-04-03,Electronics,Laptop,44993,4,Hyderabad,Credit Card
1184,2025-10-30,Home,Vase,440,3,Hyderabad,Credit Card
1185,2025-11-20,Clothing,Jacket,2956,1,Delhi,UPI
1186,2025-05-14,Electronics,Keyboard,1221,1,,Cash on Delivery
1187,2025-06-22,Clothing,Jeans,1496,1,Hyderabad,Debit Card
1188,2025-09-17,Home,Bedsheet,878,5,Chennai,UPI
1189,2025-04-28,Home,Curtains,1161,2,Hyderabad,Cash on Delivery
1190,2025-10-17,Clothing,Jeans,1486,4,Hyderabad,Debit Card
1191,2025-03-09,Clothing,Sneakers,2464,2,Bangalore,Debit Card
1192,2025-05-04,Clothing,T-Shirt,465,4,Bangalore,Cash on Delivery
1193,2025-12-28,Clothing,Jeans,1507,1,Chennai,Debit Card
1194,2025-07-29,Electronics,Headphones,2018,3,Hyderabad,UPI
1195,2025-05-20,Electronics,Keyboard,1218,4,Bangalore,UPI
1196,2025-09-18,Home,Lamp,821,2,Delhi,Credit Card
1197,2025-07-01,Clothing,Jeans,1476,3,Pune,UPI
1198,2025-09-23,Electronics,Headphones,1981,2,Bangalore,UPI
1199,2025-09-19,Clothing,Sneakers,2462,1,Delhi,Cash on Delivery
1200,2025-09-20,Home,Curtains,1187,2,Hyderabad,Cash on Delivery
1201,2025-02-05,Home,Curtains,1213,1,Hyderabad,Cash on Delivery
1202,2025-01-12,Electronics,Keyboard,1250,2,Mumbai,UPI
1203,2025-11-30,Electronics,Keyboard,1160,2,Pune,Cash on Delivery
1204,2025-01-02,Electronics,Keyboard,1200,4,Hyderabad,Cash on Delivery
1205,2025-01-28,Clothing,Jeans,1473,4,Bangalore,Debit Card
1206,2025-11-05,Clothing,Jacket,3004,3,Pune,Cash on Delivery
1207,2025-11-09,Electronics,Headphones,1961,4,Bangalore,Debit Card
1208,2025-05-16,Electronics,Headphones,2038,4,Mumbai,Credit Card
1209,2025-08-12,Electronics,Headphones,2045,5,,UPI
1210,2025-03-03,Home,Bedsheet,931,5,Mumbai,Cash on Delivery
1211,2025-03-06,Home,Curtains,1246,4,Delhi,UPI
1212,2025-11-29,Electronics,Mouse,534,3,Chennai,UPI
1213,2025-07-06,Clothing,T-Shirt,514,5,Pune,UPI
1214,2025-10-20,Electronics,Headphones,1950,2,Pune,Debit Card
1215,2025-11-02,Electronics,Mouse,521,4,Chennai,UPI
1216,2025-08-17,Home,Lamp,792,2,Chennai,Debit Card
1217,2025-06-17,Clothing,Jeans,1476,2,Chennai,UPI
1218,2025-11-07,Home,Lamp,811,1,Hyderabad,Credit Card
1219,2025-03-03,Electronics,Laptop,45034,3,Hyderabad,UPI
1220,2025-06-05,Electronics,Mouse,514,3,Bangalore,Credit Card
1221,2025-12-24,Home,Curtains,1164,4,Chennai,Debit Card
1222,2025-10-04,Home,Bedsheet,891,4,Mumbai,Cash on Delivery
1223,2025-07-18,Electronics,Mouse,495,3,Mumbai,Debit Card
1224,2025-08-27,Home,Bedsheet,851,5,Pune,Credit Card
1225,2025-04-18,Clothing,Jeans,1473,1,Bangalore,UPI
1226,2025-07-21,Electronics,Keyboard,1225,3,Delhi,UPI
1227,2025-09-10,Electronics,Headphones,1978,2,Mumbai,Credit Card
1228,2025-01-13,Electronics,Keyboard,1233,3,Chennai,Credit Card
1229,2025-03-26,Clothing,Sneakers,2456,4,Mumbai,Credit Card
1230,2025-11-05,Clothing,T-Shirt,454,3,Chennai,UPI
1231,2025-07-08,Clothing,T-Shirt,522,2,Mumbai,Debit Card
1232,2025-01-06,Clothing,Jacket,2965,5,Chennai,Debit Card
1233,2025-10-26,Clothing,T-Shirt,548,1,Pune,Debit Card
1234,2025-12-30,Electronics,Headphones,2021,4,Pune,Credit Card
1235,2025-10-26,Home,Curtains,1164,3,Hyderabad,Credit Card
1236,2025-12-13,Electronics,Laptop,45015,1,Hyderabad,Cash on Delivery
1237,2025-08-29,Clothing,Sneakers,2484,1,Delhi,Debit Card
1238,2025-06-29,Electronics,Mouse,538,2,Hyderabad,Debit Card
1239,2025-12-16,Clothing,T-Shirt,503,4,Bangalore,Debit Card
1240,2025-06-30,Electronics,Laptop,45011,3,Hyderabad,UPI
1241,2025-12-10,Clothing,Jeans,1525,5,Pune,Debit Card
1242,2025-11-15,Clothing,Jacket,2983,4,Pune,Cash on Delivery
1243,2025-11-08,Electronics,Keyboard,1167,4,Hyderabad,Credit Card
1244,2025-11-10,Clothing,Jacket,3042,4,Hyderabad,Credit Card
1245,2025-03-15,Home,Lamp,763,5,Hyderabad,Debit Card
1246,2025-03-04,Clothing,Jacket,3040,4,Bangalore,UPI
1247,2025-07-18,Electronics,Mouse,545,5,Mumbai,Debit Card
1248,2025-06-09,Electronics,Mouse,478,2,Delhi,Cash on Delivery
1249,2025-11-15,Electronics,Keyboard,1222,1,Pune,Credit Card
1250,2025-08-25,Home,Curtains,1240,4,Delhi,Credit Card
1251,2025-08-10,Electronics,Mouse,460,4,Delhi,UPI
1252,2025-09-01,Clothing,Sneakers,2492,2,Mumbai,Debit Card
1253,2025-06-06,Clothing,T-Shirt,501,1,Delhi,UPI
1254,2025-09-22,Home,Bedsheet,891,1,Mumbai,Debit Card
1255,2025-04-29,Clothing,Jeans,1488,4,Bangalore,Credit Card
1256,2025-04-04,Electronics,Headphones,2024,1,Delhi,UPI
1257,2025-05-07,Electronics,Keyboard,1170,2,Pune,Credit Card
1258,2025-12-12,Home,Lamp,752,2,Mumbai,Debit Card
1259,2025-07-11,Clothing,Jeans,1493,1,Delhi,Credit Card
1260,2025-06-06,Clothing,T-Shirt,495,2,Delhi,Credit Card
1261,2025-02-27,Clothing,Jeans,1479,4,Bangalore,Credit Card
1262,2025-05-13,Home,Curtains,1210,1,Pune,UPI
1263,2025-08-20,Clothing,Jacket,2960,4,Delhi,Credit Card
1264,2025-04-01,Home,Bedsheet,859,1,Bangalore,Debit Card
1265,2025-09-28,Clothing,Jacket,2970,4,Chennai,UPI
1266,2025-02-20,Clothing,T-Shirt,474,5,Chennai,Credit Card
1267,2025-09-17,Electronics,Laptop,44951,4,Mumbai,Debit Card
1268,2025-09-07,Electronics,Keyboard,1182,3,Bangalore,Cash on Delivery
1269,2025-03-31,Home,Vase,397,3,Chennai,Cash on Delivery
1270,2025-05-06,Clothing,Jacket,2960,3,Bangalore,Credit Card
1271,2025-05-11,Home,Lamp,809,3,Delhi,Credit Card
1272,2025-02-06,Clothing,Jacket,3050,5,Delhi,Debit Card
1273,2025-01-03,Clothing,Jacket,2984,4,Bangalore,Debit Card
1274,2025-04-05,Electronics,Headphones,1980,1,Mumbai,Credit Card
1275,2025-11-15,Clothing,T-Shirt,485,1,Delhi,UPI
1276,2025-01-31,Electronics,Headphones,2037,5,Delhi,UPI
1277,2025-08-23,Clothing,T-Shirt,541,2,Delhi,Cash on Delivery
1278,2025-11-22,Clothing,Jacket,2983,4,Chennai,UPI
1279,2025-08-23,Home,Lamp,843,3,Pune,Cash on Delivery
1280,2025-08-16,Clothing,Jeans,1550,5,Pune,Debit Card
1281,2025-02-16,Home,Vase,418,5,Delhi,Debit Card
1282,2025-06-04,Electronics,Keyboard,1216,1,Delhi,Cash on Delivery
1283,2025-12-17,Electronics,Headphones,1995,2,Bangalore,Cash on Delivery
1284,2025-12-22,Electronics,Mouse,476,5,Pune,Cash on Delivery
1285,2025-08-07,Home,Bedsheet,899,4,Hyderabad,Debit Card
1286,2025-07-26,Electronics,Headphones,1970,3,Chennai,Credit Card
1287,2025-04-17,Electronics,Headphones,1998,2,Hyderabad,Cash on Delivery
1288,2025-12-08,Electronics,Mouse,459,5,Mumbai,UPI
1289,2025-04-30,Clothing,Sneakers,2501,5,Mumbai,Credit Card
1290,2025-07-14,Electronics,Mouse,464,1,Delhi,UPI
1291,2025-11-08,Electronics,Laptop,44985,1,Hyderabad,Debit Card
1292,2025-01-31,Electronics,Keyboard,1159,3,Chennai,Credit Card
1293,2025-09-30,Electronics,Keyboard,1150,5,Bangalore,Credit Card
1294,2025-10-14,Home,Lamp,840,5,Delhi,Credit Card
1295,2025-09-21,Clothing,T-Shirt,540,4,Hyderabad,UPI
1296,2025-08-02,Clothing,Jacket,2981,1,Delhi,Cash on Delivery
1297,2025-07-10,Electronics,Laptop,45042,1,Chennai,Cash on Delivery
1298,2025-05-20,Home,Curtains,1158,1,Hyderabad,Debit Card
1299,2025-03-12,Home,Lamp,786,5,Pune,Credit Card
1300,2025-08-04,Electronics,Keyboard,1162,3,Pune,Cash on Delivery
1301,2025-11-01,Clothing,Jacket,3033,2,Bangalore,Debit Card
1302,2025-10-15,Electronics,Laptop,44974,1,Hyderabad,UPI
1303,2025-06-29,Electronics,Headphones,1973,1,Bangalore,UPI
1304,2025-06-15,Home,Lamp,811,2,Bangalore,Debit Card
1305,2025-09-10,Home,Vase,436,2,Delhi,Debit Card
1306,2025-01-12,Home,Curtains,1165,5,Mumbai,UPI
1307,2025-01-07,Home,Lamp,795,4,Pune,Credit Card
1308,2025-03-09,Clothing,Jeans,1466,2,Bangalore,Cash on Delivery
1309,2025-04-06,Clothing,Sneakers,2508,5,Delhi,UPI
1310,2025-08-15,Clothing,Jacket,3004,5,Hyderabad,Cash on Delivery
1311,2025-03-01,Electronics,Mouse,525,2,Pune,Cash on Delivery
1312,2025-10-03,Home,Bedsheet,928,3,Delhi,Credit Card
1313,2025-12-06,Clothing,Sneakers,2519,3,Mumbai,Credit Card
1314,2025-02-08,Electronics,Keyboard,1219,2,Delhi,Debit Card
1315,2025-11-13,Home,Lamp,803,4,Pune,Credit Card
1316,2025-08-25,Home,Curtains,1164,5,Chennai,UPI
1317,2025-09-15,Electronics,Mouse,452,5,Delhi,Credit Card
1318,2025-03-02,Electronics,Laptop,44967,1,Hyderabad,UPI
1319,2025-07-06,Home,Curtains,1186,4,Delhi,Credit Card
1320,2025-05-17,Electronics,Laptop,45046,5,Mumbai,Credit Card
1321,2025-09-22,Electronics,Mouse,545,3,Hyderabad,Cash on Delivery
1322,2025-02-20,Electronics,Laptop,45046,5,Pune,UPI
1323,2025-02-05,Electronics,Headphones,1977,4,Hyderabad,Credit Card
1324,2025-08-07,Clothing,Sneakers,2501,3,Hyderabad,Debit Card
1325,2025-06-28,Electronics,Laptop,45012,3,Pune,Debit Card
1326,2025-11-10,Home,Lamp,761,5,Delhi,Cash on Delivery
1327,2025-09-05,Home,Lamp,757,1,Bangalore,Debit Card
1328,2025-02-24,Home,Vase,427,1,Hyderabad,Credit Card
1329,2025-02-15,Home,Curtains,1181,4,Mumbai,Debit Card
1330,2025-12-26,Home,Vase,418,4,Chennai,UPI
1331,2025-06-13,Clothing,T-Shirt,550,2,Hyderabad,UPI
1332,2025-01-31,Electronics,Headphones,1967,3,Bangalore,UPI
1333,2025-10-01,Clothing,Jacket,3049,3,Chennai,Cash on Delivery
1334,2025-04-17,Home,Lamp,820,1,Mumbai,Debit Card
1335,2025-02-22,Electronics,Laptop,44958,2,Bangalore,Credit Card
1336,2025-05-23,Electronics,Keyboard,1194,1,Delhi,Cash on Delivery
1337,2025-12-16,Electronics,Mouse,477,2,Delhi,UPI
1338,2025-03-30,Electronics,Mouse,509,5,Bangalore,Cash on Delivery
1339,2025-04-24,Clothing,Jeans,1548,5,Mumbai,Cash on Delivery
1340,2025-02-24,Clothing,Sneakers,2473,4,Chennai,Credit Card
1341,2025-12-31,Clothing,Jacket,3000,3,Chennai,Debit Card
1342,2025-05-08,Clothing,T-Shirt,506,4,Delhi,Credit Card
1343,2025-10-18,Home,Lamp,837,2,Delhi,UPI
1344,2025-11-13,Clothing,Sneakers,2495,2,Pune,UPI
1345,2025-07-02,Home,Vase,356,2,Delhi,Credit Card
1346,2025-12-17,Electronics,Keyboard,1187,4,Delhi,UPI
1347,2025-09-07,Electronics,Mouse,525,5,Hyderabad,Cash on Delivery
1348,2025-09-03,Clothing,Jacket,3026,5,Hyderabad,Credit Card
1349,2025-11-05,Electronics,Laptop,45046,1,Pune,Credit Card
1350,2026-01-01,Clothing,Jeans,1527,1,Hyderabad,Cash on Delivery
1351,2025-07-30,Clothing,Sneakers,2533,1,Hyderabad,Cash on Delivery
1352,2025-05-07,Clothing,Jeans,1465,3,Pune,Credit Card
1353,2025-10-31,Clothing,T-Shirt,508,5,Hyderabad,Debit Card
1354,2025-02-07,Home,Lamp,793,1,Bangalore,Debit Card
1355,2025-07-29,Clothing,Jacket,2990,5,Delhi,Credit Card
1356,2025-09-12,Electronics,Keyboard,1182,2,Pune,Debit Card
1357,2025-03-31,Clothing,Jeans,1473,2,Bangalore,Debit Card
1358,2025-09-02,Clothing,Jacket,3011,5,Pune,Debit Card
1359,2025-05-02,Home,Bedsheet,927,4,Hyderabad,Cash on Delivery
1360,2025-10-27,Clothing,Jeans,1478,1,Bangalore,Cash on Delivery
1361,2025-06-12,Electronics,Mouse,450,1,Bangalore,UPI
1362,2025-07-19,Home,Bedsheet,870,3,Delhi,UPI
1363,2025-11-24,Home,Lamp,812,3,Pune,Cash on Delivery
1364,2025-02-18,Home,Vase,440,5,Mumbai,Credit Card
1365,2025-02-26,Clothing,Jeans,1507,1,Bangalore,Cash on Delivery
1366,2025-11-24,Clothing,Jacket,3001,3,Bangalore,Debit Card
1367,2025-02-01,Clothing,Jacket,2958,5,Mumbai,UPI
1368,2025-10-06,Home,Bedsheet,934,3,Delhi,Cash on Delivery
1369,2025-05-06,Home,Lamp,758,4,Mumbai,Cash on Delivery
1370,2025-06-07,Home,Vase,449,1,Bangalore,Credit Card
1371,2025-10-29,Clothing,T-Shirt,450,4,Bangalore,Cash on Delivery
1372,2025-12-05,Home,Curtains,1164,2,Bangalore,UPI
1373,2025-01-28,Home,Vase,355,2,Pune,Credit Card
1374,2026-01-01,Clothing,Sneakers,2505,2,Hyderabad,Debit Card
1375,2025-10-17,Electronics,Laptop,44963,5,Pune,Cash on Delivery
1376,2025-04-13,Home,Bedsheet,949,1,Bangalore,Debit Card
1377,2025-09-08,Clothing,Sneakers,2450,1,Delhi,Cash on Delivery
1378,2025-01-26,Clothing,Jacket,3022,1,Pune,Cash on Delivery
1379,2025-12-14,Clothing,Jacket,2959,4,Bangalore,Debit Card
1380,2025-05-11,Clothing,Jeans,1506,4,Pune,Credit Card
1381,2025-05-21,Electronics,Laptop,45032,1,Mumbai,Cash on Delivery
1382,2025-03-17,Clothing,Jeans,1498,4,Mumbai,Debit Card
1383,2025-10-21,Clothing,Jacket,3028,3,Hyderabad,Cash on Delivery
1384,2025-10-08,Clothing,T-Shirt,461,2,Pune,Credit Card
1385,2025-03-02,Clothing,Sneakers,2482,5,Pune,UPI
1386,2025-10-27,Clothing,Sneakers,2502,3,Chennai,Cash on Delivery
1387,2025-08-28,Electronics,Keyboard,1167,4,,Debit Card
1388,2025-11-28,Home,Bedsheet,888,3,Bangalore,Cash on Delivery
1389,2025-05-27,Clothing,Sneakers,2512,2,Bangalore,Credit Card
1390,2025-06-07,Clothing,Sneakers,2523,4,Pune,Debit Card
1391,2025-11-29,Clothing,Jacket,2996,4,Bangalore,Debit Card
1392,2025-10-24,Home,Lamp,821,4,Chennai,UPI
1393,2025-04-07,Electronics,Headphones,2001,2,Bangalore,UPI
1394,2025-05-10,Home,Curtains,1163,4,,Debit Card
1395,2025-02-15,Home,Lamp,800,3,Bangalore,Debit Card
1396,2025-06-04,Home,Lamp,833,3,Pune,Debit Card
1397,2025-12-31,Home,Lamp,834,4,Mumbai,Debit Card
1398,2025-02-28,Home,Lamp,849,2,Pune,UPI
1399,2025-01-08,Electronics,Mouse,536,1,Bangalore,Debit Card
1400,2025-12-14,Electronics,Headphones,2045,5,Hyderabad,Credit Card
1401,2025-11-03,Electronics,Headphones,2011,1,Pune,UPI
1402,2025-10-01,Home,Vase,364,1,Hyderabad,Debit Card
1403,2025-10-14,Electronics,Laptop,44959,3,Chennai,UPI
1404,2025-09-25,Clothing,Sneakers,2488,1,Pune,Credit Card
1405,2025-06-11,Electronics,Headphones,1977,4,Hyderabad,UPI
1406,2025-05-24,Electronics,Keyboard,1207,1,Mumbai,Cash on Delivery
1407,2025-08-28,Clothing,Jeans,1530,3,Mumbai,Credit Card
1408,2025-01-02,Electronics,Mouse,470,3,Mumbai,Cash on Delivery
1409,2025-04-08,Clothing,Jacket,2984,3,Hyderabad,UPI
1410,2025-04-02,Clothing,Sneakers,2544,3,Pune,Credit Card
1411,2025-07-12,Home,Vase,416,4,Bangalore,UPI
1412,2025-01-06,Home,Vase,417,5,Hyderabad,Cash on Delivery
1413,2025-12-30,Clothing,Sneakers,2482,5,Hyderabad,Cash on Delivery
1414,2025-06-05,Electronics,Headphones,2038,2,Mumbai,Credit Card
1415,2025-06-18,Home,Vase,417,3,Delhi,UPI
1416,2025-07-28,Electronics,Mouse,454,5,Delhi,Cash on Delivery
1417,2025-06-20,Clothing,Jacket,3047,2,Pune,Debit Card
1418,2025-08-09,Home,Curtains,1171,2,Pune,Debit Card
1419,2025-12-10,Home,Vase,429,5,Hyderabad,Credit Card
1420,2025-08-19,Electronics,Laptop,45025,4,Delhi,Cash on Delivery
1421,2025-05-01,Home,Curtains,1205,5,Delhi,Debit Card
1422,2025-04-15,Clothing,Jeans,1493,1,Bangalore,UPI
1423,2025-08-14,Clothing,Jacket,2961,1,Bangalore,Cash on Delivery
1424,2025-06-25,Home,Vase,360,5,Mumbai,UPI
1425,2025-05-24,Electronics,Headphones,1978,1,Pune,Debit Card
1426,2025-06-09,Home,Vase,373,1,Pune,UPI
1427,2025-02-16,Home,Curtains,1229,5,Pune,UPI
1428,2025-08-11,Clothing,Jacket,2957,5,Delhi,Credit Card
1429,2025-07-07,Clothing,Jacket,3042,5,Bangalore,UPI
1430,2025-12-26,Clothing,T-Shirt,493,3,,Cash on Delivery
1431,2025-11-20,Clothing,Jacket,3042,2,Pune,Credit Card
1432,2025-06-02,Home,Vase,404,3,Bangalore,Credit Card
1433,2025-06-21,Home,Bedsheet,857,3,Pune,Credit Card
1434,2025-02-17,Electronics,Keyboard,1211,4,Mumbai,UPI
1435,2025-01-26,Clothing,Jacket,2961,5,,Credit Card
1436,2025-01-03,Home,Vase,431,1,Hyderabad,Cash on Delivery
1437,2025-09-13,Clothing,Jacket,3042,3,Pune,Cash on Delivery
1438,2025-01-09,Home,Vase,390,5,Mumbai,Cash on Delivery
1439,2025-08-22,Electronics,Keyboard,1244,1,Pune,Credit Card
1440,2025-09-30,Home,Lamp,847,4,Hyderabad,Cash on Delivery
1441,2025-08-07,Home,Vase,408,1,Pune,Debit Card
1442,2025-10-12,Electronics,Headphones,1963,1,Delhi,UPI
1443,2025-01-06,Clothing,T-Shirt,503,4,Mumbai,Debit Card
1444,2025-03-07,Home,Curtains,1177,1,Mumbai,Cash on Delivery
1445,2025-12-20,Home,Vase,412,1,Delhi,UPI
1446,2025-12-09,Home,Lamp,848,3,Mumbai,Credit Card
1447,2025-05-12,Clothing,Jacket,3049,4,Hyderabad,Debit Card
1448,2025-03-03,Electronics,Laptop,45001,3,Hyderabad,Credit Card
1449,2025-12-05,Clothing,Jeans,1474,5,Hyderabad,UPI
1450,2025-02-27,Home,Curtains,1192,2,Delhi,Credit Card
1451,2025-09-04,Clothing,Jacket,3021,4,Bangalore,UPI
1452,2025-04-14,Clothing,T-Shirt,499,2,Chennai,UPI
1453,2025-11-10,Clothing,Sneakers,2511,5,Mumbai,UPI
1454,2025-05-23,Home,Curtains,1231,5,Chennai,UPI
1455,2025-04-09,Clothing,T-Shirt,502,2,Delhi,Debit Card
1456,2025-06-20,Home,Lamp,754,2,Mumbai,Debit Card
1457,2025-06-24,Home,Bedsheet,930,2,Delhi,UPI
1458,2025-05-22,Clothing,T-Shirt,462,1,Pune,Cash on Delivery
1459,2025-08-15,Clothing,Jacket,3020,5,Pune,Debit Card
1460,2025-10-06,Electronics,Headphones,1965,3,Delhi,Debit Card
1461,2025-01-19,Electronics,Keyboard,1244,5,Chennai,UPI
1462,2025-04-28,Electronics,Mouse,488,3,Delhi,Cash on Delivery
1463,2025-03-25,Home,Bedsheet,930,4,Chennai,Credit Card
1464,2025-07-20,Clothing,Jeans,1550,1,Hyderabad,Cash on Delivery
1465,2025-02-27,Home,Curtains,1162,5,Hyderabad,UPI
1466,2025-04-01,Electronics,Laptop,45044,3,Hyderabad,UPI
1467,2025-01-15,Clothing,T-Shirt,550,4,Mumbai,UPI
1468,2025-07-05,Electronics,Mouse,492,1,Mumbai,Cash on Delivery
1469,2025-07-11,Clothing,Jacket,2976,2,Hyderabad,Debit Card
1470,2025-12-30,Home,Lamp,809,1,Hyderabad,UPI
1471,2025-03-18,Clothing,Jeans,1538,3,Chennai,UPI
1472,2025-02-25,Home,Curtains,1227,5,Bangalore,Cash on Delivery
1473,2025-08-07,Clothing,Sneakers,2460,1,Chennai,Credit Card
1474,2025-04-01,Home,Curtains,1214,4,Pune,UPI
1475,2025-11-02,Clothing,T-Shirt,541,5,Bangalore,Credit Card
1476,2025-08-02,Electronics,Mouse,516,1,Delhi,UPI
1477,2025-07-17,Electronics,Mouse,535,2,Hyderabad,UPI
1478,2025-02-23,Clothing,T-Shirt,505,4,Hyderabad,Credit Card
1479,2025-11-13,Home,Lamp,769,4,Hyderabad,Cash on Delivery
1480,2025-06-04,Home,Curtains,1235,1,Hyderabad,Cash on Delivery
1481,2025-06-20,Electronics,Headphones,1978,5,Mumbai,UPI
1482,2025-10-25,Electronics,Mouse,458,4,Chennai,Credit Card
1483,2025-08-24,Clothing,Jacket,2964,1,Mumbai,Cash on Delivery
1484,2025-10-13,Electronics,Keyboard,1156,1,Mumbai,Debit Card
1485,2025-09-12,Home,Curtains,1177,1,Pune,Debit Card
1486,2025-11-03,Home,Bedsheet,872,1,Pune,Debit Card
1487,2025-07-27,Electronics,Mouse,536,4,Delhi,Credit Card
1488,2025-04-15,Home,Curtains,1220,1,Chennai,Debit Card
1489,2025-02-07,Clothing,Sneakers,2462,2,Chennai,Debit Card
1490,2025-11-29,Clothing,T-Shirt,486,1,Mumbai,Credit Card
1491,2025-12-25,Electronics,Headphones,1976,1,Delhi,Cash on Delivery
1492,2025-09-23,Electronics,Laptop,44955,3,Hyderabad,UPI
1493,2025-09-03,Electronics,Mouse,470,2,Pune,Credit Card
1494,2025-07-13,Home,Bedsheet,950,3,Chennai,Credit Card
1495,2025-01-15,Electronics,Keyboard,1189,1,Mumbai,UPI
1496,2025-09-18,Home,Lamp,772,5,Bangalore,Credit Card
1497,2025-09-12,Clothing,T-Shirt,471,2,Delhi,Debit Card
1498,2025-02-16,Electronics,Laptop,44976,2,Delhi,Cash on Delivery
1499,2025-08-18,Home,Curtains,1235,3,Chennai,Debit Card
1500,2025-09-23,Home,Curtains,1206,4,Pune,Debit Card
1501,2025-11-24,Home,Lamp,831,1,Pune,Cash on Delivery
1502,2025-07-23,Clothing,T-Shirt,540,5,Delhi,Cash on Delivery
1503,2025-08-02,Electronics,Headphones,2011,2,Mumbai,Debit Card
1504,2025-04-09,Clothing,T-Shirt,517,5,Delhi,Debit Card
1505,2025-01-15,Electronics,Keyboard,1194,2,Hyderabad,Debit Card
1506,2025-02-08,Clothing,T-Shirt,465,5,Bangalore,Credit Card
1507,2025-07-24,Electronics,Laptop,45048,2,Mumbai,Debit Card
1508,2025-07-13,Clothing,Jacket,2983,2,Mumbai,UPI
1509,2025-11-18,Home,Curtains,1206,2,Bangalore,Credit Card
1510,2025-05-29,Clothing,Sneakers,2491,1,Delhi,Credit Card
1511,2025-03-02,Electronics,Mouse,467,1,Hyderabad,Credit Card
1512,2025-06-23,Clothing,Jeans,1544,4,Pune,Cash on Delivery
1513,2025-05-23,Clothing,Jeans,1452,4,Chennai,Debit Card
1514,2025-11-27,Home,Bedsheet,946,3,Pune,UPI
1515,2025-12-27,Clothing,Jeans,1548,3,Pune,Credit Card
1516,2025-08-24,Clothing,Jeans,1491,2,Pune,UPI
1517,2025-07-12,Electronics,Mouse,474,3,Delhi,Credit Card
1518,2025-06-13,Clothing,T-Shirt,512,5,Bangalore,Debit Card
1519,2025-12-07,Clothing,Jacket,2955,5,Hyderabad,Cash on Delivery
1520,2025-05-18,Electronics,Keyboard,1179,3,Pune,Debit Card
1521,2025-11-12,Home,Lamp,810,1,Bangalore,UPI
1522,2025-03-06,Electronics,Mouse,505,5,Bangalore,Cash on Delivery
1523,2025-09-23,Clothing,T-Shirt,459,1,Mumbai,UPI
1524,2025-05-06,Clothing,Sneakers,2485,2,Pune,Cash on Delivery
1525,2025-06-18,Home,Bedsheet,890,4,Bangalore,Cash on Delivery
1526,2025-02-17,Home,Curtains,1213,5,Bangalore,Debit Card
1527,2026-01-01,Home,Vase,444,4,Bangalore,Cash on Delivery
1528,2025-08-10,Home,Vase,424,4,,UPI
1529,2025-08-12,Home,Vase,383,2,Delhi,Credit Card
1530,2025-08-11,Electronics,Keyboard,1245,5,Mumbai,Cash on Delivery
1531,2025-08-26,Home,Vase,359,4,Mumbai,UPI
1532,2025-01-20,Clothing,Sneakers,2516,4,Pune,Credit Card
1533,2025-04-05,Clothing,Sneakers,2486,5,Chennai,Debit Card
1534,2025-10-12,Electronics,Mouse,457,5,Pune,Debit Card
1535,2025-05-11,Home,Vase,375,2,Chennai,UPI
1536,2025-04-27,Clothing,Jacket,3008,3,Mumbai,Cash on Delivery
1537,2025-06-30,Home,Vase,442,3,Hyderabad,UPI
1538,2025-04-17,Home,Lamp,848,4,Bangalore,Cash on Delivery
1539,2025-06-28,Clothing,Jacket,3010,1,Chennai,Cash on Delivery
1540,2025-03-10,Electronics,Mouse,490,4,Bangalore,Debit Card
1541,2025-07-21,Electronics,Keyboard,1238,5,Chennai,Debit Card
1542,2025-09-30,Clothing,Sneakers,2505,2,Mumbai,Cash on Delivery
1543,2025-06-20,Clothing,T-Shirt,498,2,Chennai,Cash on Delivery
1544,2025-09-08,Clothing,T-Shirt,453,2,Pune,Cash on Delivery
1545,2025-07-02,Electronics,Mouse,468,1,Bangalore,UPI
1546,2025-01-26,Clothing,Sneakers,2475,4,Mumbai,Debit Card
1547,2025-02-02,Home,Lamp,842,1,Mumbai,UPI
1548,2025-03-15,Home,Curtains,1246,3,Mumbai,Debit Card
1549,2025-06-27,Clothing,Jacket,3006,2,Chennai,UPI
1550,2025-01-22,Clothing,Jacket,3042,2,Bangalore,UPI
1551,2025-08-04,Home,Vase,368,1,Pune,Credit Card
1552,2025-06-18,Clothing,Sneakers,2463,1,Chennai,Credit Card
1553,2025-07-03,Home,Curtains,1150,2,Pune,Credit Card
1554,2025-12-12,Home,Curtains,1192,4,,Debit Card
1555,2025-10-12,Electronics,Keyboard,1174,5,Delhi,Cash on Delivery
1556,2026-01-01,Electronics,Keyboard,1207,4,Chennai,Credit Card
1557,2025-10-16,Home,Bedsheet,908,2,Mumbai,UPI
1558,2025-03-20,Clothing,Jacket,2965,5,Bangalore,Credit Card
1559,2025-08-07,Clothing,Jacket,2951,1,Bangalore,Credit Card
1560,2025-03-19,Clothing,Jeans,1533,2,Hyderabad,Credit Card
1561,2025-12-15,Clothing,Jacket,3047,2,Mumbai,UPI
1562,2025-10-26,Electronics,Laptop,45012,1,Bangalore,UPI
1563,2026-01-01,Clothing,T-Shirt,479,4,Delhi,UPI
1564,2025-01-11,Electronics,Keyboard,1191,3,Pune,UPI
1565,2025-06-27,Home,Vase,382,4,Hyderabad,Debit Card
1566,2025-07-31,Electronics,Laptop,44995,1,,Cash on Delivery
1567,2025-12-16,Home,Vase,386,5,Bangalore,Debit Card
1568,2025-11-13,Home,Lamp,848,2,Delhi,Credit Card
1569,2025-06-16,Electronics,Mouse,545,5,Pune,Cash on Delivery
1570,2025-06-20,Clothing,Jacket,2951,1,Bangalore,Cash on Delivery
1571,2025-03-14,Clothing,Jacket,3044,1,Delhi,UPI
1572,2025-03-18,Electronics,Keyboard,1187,2,Hyderabad,Debit Card
1573,2025-11-10,Electronics,Mouse,482,4,Delhi,Cash on Delivery
1574,2025-02-20,Clothing,Sneakers,2538,4,Hyderabad,Cash on Delivery
1575,2025-05-14,Home,Bedsheet,925,2,Hyderabad,Debit Card
1576,2025-02-18,Electronics,Mouse,531,4,Delhi,UPI
1577,2025-10-03,Home,Bedsheet,897,1,Hyderabad,Credit Card
1578,2025-05-29,Electronics,Headphones,2005,4,Chennai,UPI
1579,2025-03-19,Electronics,Keyboard,1247,1,Hyderabad,Credit Card
1580,2025-02-12,Home,Bedsheet,899,3,Delhi,UPI
1581,2025-02-18,Home,Curtains,1242,4,Pune,Credit Card
1582,2025-09-29,Home,Curtains,1176,3,Bangalore,UPI
1583,2025-07-10,Home,Curtains,1153,2,Hyderabad,Cash on Delivery
1584,2025-05-31,Clothing,Jeans,1547,1,Bangalore,Credit Card
1585,2025-12-11,Electronics,Headphones,1962,4,Delhi,Cash on Delivery
1586,2025-08-05,Electronics,Laptop,45044,4,Pune,Debit Card
1587,2025-10-12,Electronics,Laptop,45036,4,Mumbai,Debit Card
1588,2025-11-27,Electronics,Keyboard,1244,3,Delhi,Cash on Delivery
1589,2025-12-15,Electronics,Mouse,454,1,Bangalore,UPI
1590,2025-08-30,Home,Lamp,773,4,Delhi,Debit Card
1591,2025-11-16,Home,Curtains,1227,2,Hyderabad,Cash on Delivery
1592,2025-06-01,Clothing,Sneakers,2506,3,Mumbai,Cash on Delivery
1593,2025-11-19,Electronics,Mouse,464,3,Hyderabad,Cash on Delivery
1594,2025-12-25,Electronics,Keyboard,1212,5,Bangalore,Credit Card
1595,2025-12-10,Clothing,Jeans,1520,3,Mumbai,UPI
1596,2025-01-17,Home,Lamp,759,1,Bangalore,Credit Card
1597,2025-08-10,Electronics,Headphones,2006,5,Hyderabad,Cash on Delivery
1598,2025-12-03,Electronics,Keyboard,1192,3,Bangalore,UPI
1599,2025-10-10,Clothing,Sneakers,2460,4,Mumbai,Credit Card
1600,2025-08-19,Clothing,Jacket,2958,2,Pune,UPI
1601,2025-09-16,Home,Lamp,844,2,Chennai,Credit Card
1602,2025-01-16,Home,Vase,391,4,Mumbai,UPI
1603,2025-03-13,Electronics,Laptop,44959,1,Hyderabad,Debit Card
1604,2025-10-19,Clothing,Jeans,1548,2,Mumbai,Debit Card
1605,2025-01-22,Electronics,Mouse,506,4,Mumbai,UPI
1606,2025-05-24,Electronics,Mouse,483,2,Chennai,Debit Card
1607,2025-07-01,Electronics,Laptop,44975,1,Hyderabad,Credit Card
1608,2025-11-05,Home,Curtains,1230,5,Hyderabad,Debit Card
1609,2025-07-27,Clothing,T-Shirt,454,2,Pune,Cash on Delivery
1610,2025-03-12,Electronics,Mouse,517,5,Chennai,Cash on Delivery
1611,2025-04-18,Clothing,Jacket,2976,1,Pune,Credit Card
1612,2025-02-11,Home,Curtains,1166,5,Bangalore,Cash on Delivery
1613,2025-06-01,Electronics,Keyboard,1237,4,Chennai,Credit Card
1614,2025-09-11,Electronics,Keyboard,1187,1,Hyderabad,Debit Card
1615,2025-01-04,Home,Lamp,753,1,Hyderabad,UPI
1616,2025-12-26,Clothing,Jeans,1540,5,Hyderabad,UPI
1617,2025-10-16,Home,Lamp,783,3,Pune,UPI
1618,2025-10-13,Home,Curtains,1191,2,Delhi,UPI
1619,2025-11-30,Electronics,Headphones,1953,3,Mumbai,Debit Card
1620,2025-04-06,Electronics,Mouse,544,2,Bangalore,Credit Card
1621,2025-11-06,Electronics,Headphones,2034,4,Hyderabad,Credit Card
1622,2025-10-27,Electronics,Laptop,45048,2,Mumbai,UPI
1623,2025-08-12,Home,Curtains,1195,5,Pune,Debit Card
1624,2025-07-11,Clothing,Jeans,1527,3,Hyderabad,Cash on Delivery
1625,2025-01-08,Clothing,T-Shirt,500,5,Chennai,Cash on Delivery
1626,2025-06-25,Electronics,Headphones,1969,4,Chennai,Cash on Delivery
1627,2025-06-23,Electronics,Headphones,2028,1,Hyderabad,Cash on Delivery
1628,2025-10-10,Clothing,Jeans,1543,3,Delhi,Cash on Delivery
1629,2025-04-14,Electronics,Mouse,470,3,Bangalore,Cash on Delivery
1630,2025-09-05,Electronics,Headphones,1987,4,Mumbai,UPI
1631,2025-09-17,Electronics,Mouse,476,2,Hyderabad,Cash on Delivery
1632,2025-11-27,Electronics,Headphones,1990,3,Bangalore,Credit Card
1633,2025-06-14,Electronics,Laptop,44995,5,Bangalore,Cash on Delivery
1634,2025-11-17,Clothing,Jeans,1511,4,Mumbai,Credit Card
1635,2025-10-19,Electronics,Mouse,526,3,Delhi,Debit Card
1636,2025-12-10,Home,Bedsheet,940,2,Mumbai,Credit Card
1637,2025-07-22,Electronics,Mouse,536,3,Bangalore,UPI
1638,2025-10-16,Electronics,Laptop,44956,5,Bangalore,Debit Card
1639,2025-11-02,Home,Curtains,1229,3,Pune,Cash on Delivery
1640,2025-06-20,Electronics,Mouse,465,4,Hyderabad,Debit Card
1641,2025-10-01,Electronics,Headphones,2034,2,Chennai,Cash on Delivery
1642,2025-05-13,Home,Lamp,781,5,Chennai,Credit Card
1643,2025-07-25,Electronics,Keyboard,1164,3,Hyderabad,UPI
1644,2025-10-06,Home,Bedsheet,925,3,Mumbai,Cash on Delivery
1645,2025-05-26,Clothing,Jacket,3049,5,Chennai,Credit Card
1646,2025-10-31,Home,Bedsheet,946,4,Delhi,Credit Card
1647,2025-05-14,Electronics,Mouse,529,4,Mumbai,Cash on Delivery
1648,2025-06-23,Electronics,Headphones,2049,1,Hyderabad,Credit Card
1649,2025-07-14,Home,Vase,365,2,Bangalore,Debit Card
1650,2025-04-15,Home,Lamp,843,5,Hyderabad,Credit Card
1651,2025-12-02,Electronics,Laptop,44996,2,Mumbai,UPI
1652,2025-02-21,Home,Curtains,1250,1,Mumbai,Cash on Delivery
1653,2025-03-09,Clothing,Jeans,1528,3,Mumbai,Cash on Delivery
1654,2025-09-25,Clothing,Jacket,3010,4,Bangalore,UPI
1655,2025-07-13,Clothing,Sneakers,2473,3,Bangalore,UPI
1656,2025-10-19,Home,Lamp,843,1,Chennai,Debit Card
1657,2025-08-13,Electronics,Mouse,502,3,Bangalore,Cash on Delivery
1658,2025-05-22,Home,Bedsheet,915,3,Hyderabad,UPI
1659,2025-06-21,Clothing,Jacket,3004,4,Pune,UPI
1660,2025-08-06,Home,Bedsheet,885,1,Delhi,UPI
1661,2025-10-13,Home,Vase,355,5,Hyderabad,Credit Card
1662,2025-05-11,Clothing,Sneakers,2454,1,Pune,Debit Card
1663,2025-03-15,Clothing,Sneakers,2548,5,Mumbai,Debit Card
1664,2025-07-02,Home,Vase,364,2,Hyderabad,Credit Card
1665,2025-09-21,Electronics,Mouse,529,1,Mumbai,Credit Card
1666,2025-07-03,Clothing,T-Shirt,513,2,Bangalore,Debit Card
1667,2025-05-28,Electronics,Mouse,458,4,Pune,UPI
1668,2025-10-07,Home,Vase,370,1,Delhi,UPI
1669,2025-01-06,Clothing,Jeans,1510,3,Hyderabad,Credit Card
1670,2025-06-03,Clothing,T-Shirt,496,3,Hyderabad,Cash on Delivery
1671,2025-11-09,Clothing,Jacket,3012,3,Mumbai,Cash on Delivery
1672,2025-11-25,Electronics,Laptop,45049,4,Bangalore,Credit Card
1673,2025-01-27,Electronics,Mouse,514,1,Bangalore,Debit Card
1674,2025-03-29,Clothing,Jacket,2990,2,Delhi,Credit Card
1675,2025-05-15,Electronics,Keyboard,1244,1,Hyderabad,UPI
1676,2025-07-28,Electronics,Headphones,1961,2,Delhi,Cash on Delivery
1677,2025-10-09,Clothing,Jeans,1539,1,Bangalore,Debit Card
1678,2025-11-03,Electronics,Mouse,513,1,Pune,Cash on Delivery
1679,2025-05-26,Electronics,Headphones,1953,4,Delhi,Cash on Delivery
1680,2025-08-07,Electronics,Keyboard,1218,5,Mumbai,Cash on Delivery
1681,2025-07-27,Electronics,Laptop,45013,2,Pune,Debit Card
1682,2025-02-17,Home,Vase,447,2,Delhi,Credit Card
1683,2025-03-24,Home,Curtains,1156,5,Pune,Debit Card
1684,2025-11-08,Clothing,Jeans,1470,1,Bangalore,Credit Card
1685,2025-10-14,Home,Vase,448,3,Mumbai,Cash on Delivery
1686,2025-01-25,Electronics,Headphones,1982,2,Mumbai,Credit Card
1687,2025-10-07,Electronics,Mouse,454,1,Mumbai,Cash on Delivery
1688,2025-11-25,Clothing,Jacket,2953,5,Mumbai,Cash on Delivery
1689,2025-12-17,Clothing,T-Shirt,497,3,Chennai,Credit Card
1690,2025-08-07,Clothing,Sneakers,2537,3,Pune,Debit Card
1691,2025-07-15,Home,Bedsheet,880,3,Delhi,UPI
1692,2025-08-11,Clothing,T-Shirt,542,2,Pune,Cash on Delivery
1693,2025-06-05,Electronics,Mouse,488,1,Chennai,Credit Card
1694,2025-07-27,Clothing,Jeans,1512,3,Chennai,Credit Card
1695,2025-06-13,Clothing,Sneakers,2529,1,Bangalore,Cash on Delivery
1696,2025-02-22,Home,Bedsheet,867,5,Mumbai,Cash on Delivery
1697,2025-09-24,Electronics,Mouse,493,4,Bangalore,Credit Card
1698,2025-05-22,Electronics,Laptop,44956,5,Hyderabad,Debit Card
1699,2025-02-24,Electronics,Laptop,45012,1,Mumbai,Credit Card
1700,2025-12-10,Home,Bedsheet,903,2,Chennai,UPI
1701,2025-08-30,Electronics,Headphones,1983,2,Bangalore,Credit Card
1702,2025-06-30,Clothing,Jacket,2961,4,Delhi,UPI
1703,2025-11-24,Home,Vase,350,3,Mumbai,Cash on Delivery
1704,2025-08-25,Electronics,Keyboard,1203,1,Pune,Credit Card
1705,2025-12-12,Clothing,Jacket,2974,3,Mumbai,UPI
1706,2025-12-10,Home,Bedsheet,902,5,Pune,Cash on Delivery
1707,2025-11-09,Electronics,Headphones,2001,4,Mumbai,UPI
1708,2025-05-08,Electronics,Headphones,1960,2,Hyderabad,Debit Card
1709,2025-02-15,Home,Vase,433,3,Pune,Credit Card
1710,2025-09-13,Electronics,Headphones,1978,4,Pune,Cash on Delivery
1711,2025-02-04,Clothing,T-Shirt,486,3,Bangalore,UPI
1712,2025-04-05,Home,Curtains,1224,5,Bangalore,Cash on Delivery
1713,2025-11-11,Clothing,T-Shirt,454,1,Mumbai,Credit Card
1714,2025-12-26,Clothing,Jeans,1472,5,Pune,Cash on Delivery
1715,2025-11-09,Electronics,Laptop,44958,3,Bangalore,UPI
1716,2025-06-23,Home,Bedsheet,943,1,,Cash on Delivery
1717,2025-01-11,Clothing,Jacket,2970,5,Chennai,Credit Card
1718,2025-08-15,Electronics,Keyboard,1194,4,Mumbai,Debit Card
1719,2025-08-25,Home,Bedsheet,931,4,Chennai,Debit Card
1720,2025-02-21,Electronics,Headphones,1964,2,Hyderabad,UPI
1721,2025-03-10,Electronics,Laptop,45034,2,Pune,Cash on Delivery
1722,2025-05-21,Clothing,Jacket,2995,4,Bangalore,UPI
1723,2025-11-15,Clothing,T-Shirt,472,1,Chennai,Cash on Delivery
1724,2025-04-03,Electronics,Mouse,519,3,Delhi,Debit Card
1725,2025-08-22,Electronics,Keyboard,1197,3,Pune,Cash on Delivery
1726,2025-02-03,Clothing,Sneakers,2471,3,Pune,Debit Card
1727,2025-12-11,Clothing,Jacket,2998,3,Delhi,UPI
1728,2025-08-29,Electronics,Keyboard,1157,3,Chennai,UPI
1729,2025-07-19,Clothing,Jacket,2985,1,Bangalore,Debit Card
1730,2025-10-15,Clothing,Sneakers,2463,1,Pune,Debit Card
1731,2025-03-31,Electronics,Keyboard,1171,2,Mumbai,Credit Card
1732,2025-04-25,Home,Curtains,1210,4,Delhi,UPI
1733,2025-11-07,Home,Curtains,1168,1,Chennai,UPI
1734,2025-10-16,Home,Curtains,1155,4,Delhi,UPI
1735,2025-08-09,Clothing,Jacket,2972,1,Mumbai,Cash on Delivery
1736,2025-10-12,Home,Vase,376,2,Hyderabad,Debit Card
1737,2025-02-09,Clothing,Sneakers,2480,1,Delhi,UPI
1738,2025-05-02,Clothing,T-Shirt,473,2,Pune,Cash on Delivery
1739,2025-12-01,Electronics,Laptop,44997,3,Bangalore,Credit Card
1740,2025-07-01,Electronics,Mouse,508,5,Delhi,Cash on Delivery
1741,2025-04-02,Home,Bedsheet,854,5,Pune,Credit Card
1742,2025-08-28,Electronics,Headphones,1985,5,Pune,Debit Card
1743,2025-06-16,Clothing,Sneakers,2535,4,Bangalore,Debit Card
1744,2025-09-17,Clothing,Sneakers,2550,3,Pune,Cash on Delivery
1745,2025-08-20,Clothing,Sneakers,2471,4,Chennai,Credit Card
1746,2025-05-03,Electronics,Mouse,507,3,Mumbai,UPI
1747,2025-01-21,Electronics,Mouse,550,1,Delhi,Credit Card
1748,2025-01-02,Electronics,Mouse,472,4,Delhi,Debit Card
1749,2025-03-06,Home,Bedsheet,857,3,Bangalore,Cash on Delivery
1750,2025-08-08,Clothing,Jeans,1535,5,Chennai,Debit Card
1751,2025-08-27,Electronics,Keyboard,1196,1,Hyderabad,Credit Card
1752,2025-11-07,Electronics,Mouse,499,3,Delhi,UPI
1753,2025-05-06,Home,Curtains,1240,1,Delhi,Debit Card
1754,2025-03-06,Electronics,Headphones,1973,3,Bangalore,Debit Card
1755,2025-08-09,Clothing,Jeans,1482,2,Bangalore,Cash on Delivery
1756,2025-01-10,Electronics,Mouse,501,5,Hyderabad,Debit Card
1757,2025-11-05,Clothing,T-Shirt,549,2,Mumbai,Cash on Delivery
1758,2025-01-21,Home,Curtains,1205,1,Pune,Cash on Delivery
1759,2025-12-25,Home,Bedsheet,897,4,Delhi,UPI
1760,2025-10-17,Home,Vase,357,2,Mumbai,Debit Card
1761,2025-07-08,Home,Vase,397,3,Mumbai,Cash on Delivery
1762,2025-11-12,Electronics,Mouse,453,2,Mumbai,UPI
1763,2025-09-29,Electronics,Headphones,1970,3,Delhi,Debit Card
1764,2025-08-12,Electronics,Headphones,1995,2,Hyderabad,UPI
1765,2025-02-19,Clothing,Sneakers,2534,5,Pune,Cash on Delivery
1766,2025-09-09,Electronics,Headphones,2022,1,Hyderabad,Debit Card
1767,2025-07-03,Electronics,Keyboard,1184,3,Delhi,Credit Card
1768,2025-07-21,Home,Curtains,1170,4,Hyderabad,Debit Card
1769,2025-02-02,Home,Curtains,1230,4,Hyderabad,Cash on Delivery
1770,2025-01-18,Electronics,Mouse,462,3,Delhi,Debit Card
1771,2025-12-12,Electronics,Headphones,1953,2,Pune,Credit Card
1772,2025-07-17,Home,Bedsheet,909,3,Hyderabad,Cash on Delivery
1773,2025-12-14,Home,Lamp,835,1,Bangalore,Debit Card
1774,2025-09-22,Home,Curtains,1189,1,Chennai,Cash on Delivery
1775,2025-03-08,Clothing,Jeans,1487,4,Chennai,Debit Card
1776,2025-12-20,Clothing,Jacket,2961,4,Chennai,Cash on Delivery
1777,2025-03-23,Electronics,Headphones,1978,4,Chennai,UPI
1778,2025-05-26,Clothing,Sneakers,2478,2,Hyderabad,Credit Card
1779,2025-12-03,Clothing,T-Shirt,548,1,Bangalore,Cash on Delivery
1780,2025-09-06,Electronics,Keyboard,1198,5,Pune,UPI
1781,2025-11-17,Electronics,Headphones,1981,1,Pune,Credit Card
1782,2025-05-17,Electronics,Laptop,44982,2,Hyderabad,Cash on Delivery
1783,2025-01-30,Electronics,Headphones,2047,3,Pune,Cash on Delivery
1784,2025-02-04,Clothing,Jacket,2958,5,Pune,UPI
1785,2025-01-04,Home,Curtains,1246,4,Pune,Cash on Delivery
1786,2025-11-14,Electronics,Mouse,464,4,Bangalore,Cash on Delivery
1787,2025-01-13,Clothing,T-Shirt,523,4,Chennai,UPI
1788,2025-05-31,Home,Bedsheet,853,3,Chennai,Credit Card
1789,2025-08-03,Home,Curtains,1223,4,Hyderabad,Credit Card
1790,2025-02-27,Home,Vase,439,4,Delhi,Cash on Delivery
1791,2025-05-05,Clothing,Jacket,2996,2,Delhi,Cash on Delivery
1792,2025-08-24,Electronics,Laptop,45006,2,Chennai,Credit Card
1793,2025-06-05,Home,Vase,415,3,Delhi,Cash on Delivery
1794,2025-09-25,Clothing,Sneakers,2490,5,Delhi,UPI
1795,2025-11-22,Clothing,Jacket,3030,1,Bangalore,Cash on Delivery
1796,2025-10-31,Electronics,Headphones,1981,2,Bangalore,Debit Card
1797,2025-05-06,Clothing,Sneakers,2535,1,Bangalore,Credit Card
1798,2025-05-02,Home,Lamp,779,4,Mumbai,Debit Card
1799,2025-03-28,Clothing,Jeans,1470,4,Pune,Credit Card
1800,2025-07-27,Clothing,Jeans,1460,3,Mumbai,Cash on Delivery
1801,2025-04-02,Home,Bedsheet,863,4,Mumbai,Credit Card
1802,2025-11-28,Electronics,Laptop,44985,1,Bangalore,Credit Card
1803,2025-09-02,Clothing,Jacket,2994,5,Pune,Cash on Delivery
1804,2025-08-15,Home,Lamp,760,5,Mumbai,Debit Card
1805,2025-04-02,Clothing,Jacket,2953,4,Mumbai,UPI
1806,2025-03-30,Home,Bedsheet,929,2,Pune,Debit Card
1807,2025-05-29,Electronics,Keyboard,1226,3,Chennai,UPI
1808,2025-12-28,Electronics,Headphones,2046,2,Chennai,Cash on Delivery
1809,2025-10-01,Clothing,Jeans,1457,4,Chennai,UPI
1810,2025-10-03,Home,Lamp,810,4,Chennai,Cash on Delivery
1811,2025-03-27,Electronics,Keyboard,1154,4,Bangalore,Debit Card
1812,2025-03-09,Clothing,Jeans,1496,3,Chennai,Cash on Delivery
1813,2025-06-20,Home,Curtains,1234,1,Hyderabad,UPI
1814,2025-03-24,Electronics,Mouse,488,2,Chennai,Credit Card
1815,2025-03-02,Clothing,Sneakers,2505,4,Pune,Credit Card
1816,2025-10-10,Home,Lamp,783,4,Delhi,Debit Card
1817,2025-11-01,Home,Curtains,1196,4,Delhi,Cash on Delivery
1818,2025-08-22,Clothing,Sneakers,2468,3,Mumbai,Cash on Delivery
1819,2025-12-15,Home,Bedsheet,901,3,Hyderabad,Credit Card
1820,2025-05-31,Clothing,Jeans,1479,2,Chennai,Credit Card
1821,2025-10-02,Home,Bedsheet,895,2,Pune,Credit Card
1822,2025-09-21,Electronics,Keyboard,1174,5,Hyderabad,UPI
1823,2025-03-02,Clothing,Jeans,1537,4,Hyderabad,Cash on Delivery
1824,2025-04-27,Clothing,Jeans,1511,5,Mumbai,Debit Card
1825,2025-03-23,Clothing,T-Shirt,452,3,Delhi,UPI
1826,2025-11-08,Clothing,Sneakers,2544,2,Mumbai,Credit Card
1827,2025-07-02,Electronics,Keyboard,1152,2,Delhi,Cash on Delivery
1828,2025-12-22,Electronics,Laptop,44958,5,Hyderabad,UPI
1829,2025-04-26,Electronics,Laptop,45047,4,Delhi,Credit Card
1830,2025-03-29,Home,Vase,404,2,Chennai,UPI
1831,2025-10-29,Home,Bedsheet,910,3,Pune,Cash on Delivery
1832,2025-08-26,Clothing,T-Shirt,536,3,Bangalore,Cash on Delivery
1833,2025-10-06,Clothing,Jeans,1467,4,Bangalore,UPI
1834,2025-05-02,Home,Bedsheet,903,2,Mumbai,Debit Card
1835,2025-06-29,Electronics,Keyboard,1150,1,Delhi,UPI
1836,2025-07-11,Home,Vase,351,5,Bangalore,Cash on Delivery
1837,2025-11-30,Clothing,Jeans,1464,2,Mumbai,Debit Card
1838,2025-10-20,Electronics,Mouse,542,3,Bangalore,Cash on Delivery
1839,2025-04-24,Home,Curtains,1221,5,Pune,Debit Card
1840,2025-09-10,Electronics,Headphones,2042,2,Delhi,UPI
1841,2025-04-30,Home,Lamp,823,3,Delhi,Debit Card
1842,2025-06-05,Clothing,Jacket,3004,2,Pune,Debit Card
1843,2025-03-01,Electronics,Mouse,540,3,Pune,Debit Card
1844,2025-04-13,Clothing,Jacket,2969,4,Delhi,UPI
1845,2025-01-16,Electronics,Headphones,1980,4,Delhi,Cash on Delivery
1846,2025-10-25,Home,Lamp,810,2,Delhi,Credit Card
1847,2025-10-17,Home,Bedsheet,884,5,Mumbai,Debit Card
1848,2025-08-12,Clothing,Jeans,1460,1,Bangalore,Credit Card
1849,2025-11-04,Electronics,Headphones,2022,2,Mumbai,Credit Card
1850,2025-10-20,Clothing,Sneakers,2535,3,Pune,Debit Card
1851,2025-07-23,Home,Bedsheet,941,5,Chennai,Debit Card
1852,2025-07-12,Electronics,Headphones,2040,5,Chennai,Credit Card
1853,2025-05-01,Electronics,Headphones,2045,5,Chennai,Credit Card
1854,2025-02-21,Clothing,Jeans,1468,5,Delhi,Credit Card
1855,2025-11-05,Clothing,Jeans,1467,5,Delhi,Credit Card
1856,2025-08-08,Electronics,Headphones,2033,4,Pune,UPI
1857,2025-07-20,Home,Bedsheet,934,1,Delhi,UPI
1858,2025-10-24,Electronics,Headphones,1977,3,Chennai,Debit Card
1859,2025-07-22,Electronics,Headphones,1952,2,Delhi,UPI
1860,2025-04-08,Home,Lamp,795,1,Hyderabad,Cash on Delivery
1861,2025-04-03,Electronics,Headphones,2049,2,Pune,Debit Card
1862,2025-01-22,Home,Lamp,809,4,Delhi,Debit Card
1863,2025-06-23,Clothing,Sneakers,2550,5,Delhi,Debit Card
1864,2025-01-24,Home,Bedsheet,907,2,Delhi,UPI
1865,2025-08-10,Electronics,Mouse,454,5,Chennai,Credit Card
1866,2025-06-02,Electronics,Headphones,1980,5,Bangalore,Credit Card
1867,2025-08-23,Clothing,Jacket,3005,3,Mumbai,Credit Card
1868,2025-07-17,Electronics,Laptop,44998,5,Mumbai,Cash on Delivery
1869,2025-06-21,Electronics,Laptop,44983,4,Mumbai,UPI
1870,2025-09-03,Electronics,Mouse,455,5,Delhi,Cash on Delivery
1871,2025-05-08,Clothing,Jeans,1530,4,Chennai,Debit Card
1872,2025-07-21,Clothing,T-Shirt,533,3,Mumbai,Debit Card
1873,2025-07-15,Electronics,Mouse,482,4,Chennai,Debit Card
1874,2025-03-13,Home,Lamp,788,5,Chennai,Debit Card
1875,2025-10-07,Electronics,Keyboard,1156,5,Delhi,Cash on Delivery
1876,2025-10-30,Electronics,Keyboard,1226,1,Hyderabad,Credit Card
1877,2025-05-15,Clothing,Jeans,1481,3,Delhi,UPI
1878,2025-02-06,Electronics,Headphones,2020,3,Pune,Debit Card
1879,2025-12-22,Clothing,T-Shirt,473,5,Mumbai,Cash on Delivery
1880,2025-04-09,Electronics,Headphones,1983,5,Hyderabad,Cash on Delivery
1881,2025-04-06,Clothing,T-Shirt,544,2,Bangalore,UPI
1882,2025-03-26,Home,Bedsheet,888,4,Bangalore,UPI
1883,2025-12-02,Electronics,Mouse,525,3,Bangalore,Credit Card
1884,2025-03-31,Electronics,Keyboard,1224,4,Chennai,Cash on Delivery
1885,2025-09-08,Electronics,Keyboard,1183,4,Hyderabad,Cash on Delivery
1886,2025-11-09,Home,Vase,369,4,Hyderabad,Credit Card
1887,2025-07-19,Clothing,Sneakers,2506,5,Hyderabad,UPI
1888,2025-02-05,Home,Curtains,1155,5,Chennai,Cash on Delivery
1889,2025-10-11,Electronics,Mouse,528,3,Chennai,Credit Card
1890,2025-02-22,Electronics,Laptop,44958,4,Pune,Credit Card
1891,2025-10-08,Electronics,Mouse,513,3,Hyderabad,UPI
1892,2025-12-25,Clothing,Jacket,3009,3,Mumbai,UPI
1893,2025-12-08,Home,Vase,368,5,Chennai,Cash on Delivery
1894,2025-08-11,Clothing,T-Shirt,454,4,Chennai,Debit Card
1895,2025-06-13,Electronics,Keyboard,1151,3,Bangalore,Credit Card
1896,2025-06-05,Electronics,Keyboard,1235,1,Mumbai,Credit Card
1897,2025-06-25,Home,Lamp,798,1,Pune,UPI
1898,2025-02-04,Electronics,Headphones,1995,2,Delhi,Debit Card
1899,2025-08-24,Electronics,Headphones,1962,4,Chennai,Debit Card
1900,2025-09-16,Clothing,Jacket,3006,3,Bangalore,Cash on Delivery
1901,2025-09-17,Clothing,Sneakers,2513,2,Pune,Cash on Delivery
1902,2025-08-07,Electronics,Keyboard,1204,2,Mumbai,UPI
1903,2025-02-12,Clothing,T-Shirt,522,3,Mumbai,Cash on Delivery
1904,2025-01-08,Electronics,Laptop,44974,5,Hyderabad,UPI
1905,2025-05-05,Electronics,Mouse,545,1,Delhi,UPI
1906,2025-10-17,Clothing,Jacket,2966,3,Hyderabad,Cash on Delivery
1907,2025-09-17,Electronics,Keyboard,1243,5,Chennai,Cash on Delivery
1908,2025-06-27,Clothing,Sneakers,2520,4,Delhi,UPI
1909,2025-01-14,Clothing,T-Shirt,542,3,Mumbai,Credit Card
1910,2025-06-22,Electronics,Laptop,44950,4,Delhi,UPI
1911,2025-09-10,Home,Vase,444,3,Bangalore,Debit Card
1912,2025-03-06,Electronics,Keyboard,1215,5,Delhi,UPI
1913,2025-01-10,Home,Lamp,778,1,Pune,Cash on Delivery
1914,2025-11-24,Home,Curtains,1242,3,Chennai,UPI
1915,2025-02-18,Home,Curtains,1219,4,Pune,Debit Card
1916,2025-05-23,Clothing,T-Shirt,467,3,Mumbai,Credit Card
1917,2025-05-30,Home,Curtains,1191,3,Delhi,Credit Card
1918,2025-04-26,Electronics,Keyboard,1207,1,Pune,Debit Card
1919,2025-11-10,Electronics,Mouse,472,3,Hyderabad,Debit Card
1920,2025-06-07,Home,Vase,444,3,Pune,UPI
1921,2025-10-21,Home,Lamp,802,2,Hyderabad,Credit Card
1922,2025-04-26,Clothing,T-Shirt,522,1,Hyderabad,UPI
1923,2025-03-29,Electronics,Laptop,45008,1,Bangalore,UPI
1924,2025-02-06,Home,Vase,356,1,Pune,Debit Card
1925,2025-07-08,Electronics,Headphones,2004,4,Pune,Debit Card
1926,2025-04-12,Electronics,Mouse,517,1,Bangalore,Cash on Delivery
1927,2025-06-25,Home,Curtains,1217,4,Hyderabad,Debit Card
1928,2025-12-29,Home,Bedsheet,882,4,Chennai,UPI
1929,2025-06-22,Electronics,Keyboard,1162,5,Delhi,Cash on Delivery
1930,2025-03-20,Clothing,T-Shirt,519,4,Hyderabad,UPI
1931,2025-10-12,Home,Vase,396,4,Hyderabad,Debit Card
1932,2025-01-27,Clothing,Sneakers,2472,3,Mumbai,Debit Card
1933,2025-05-14,Clothing,Jeans,1536,2,Mumbai,Credit Card
1934,2025-07-22,Home,Vase,403,1,Mumbai,UPI
1935,2025-07-24,Electronics,Headphones,2000,2,Mumbai,Credit Card
1936,2025-03-05,Home,Bedsheet,869,2,Pune,Credit Card
1937,2025-11-30,Electronics,Keyboard,1221,1,Pune,Credit Card
1938,2025-08-23,Home,Lamp,820,3,Delhi,Debit Card
1939,2025-09-15,Clothing,Jacket,2987,3,Chennai,Cash on Delivery
1940,2025-06-29,Clothing,Sneakers,2517,4,Bangalore,UPI
1941,2025-06-02,Electronics,Headphones,1973,4,Bangalore,Debit Card
1942,2025-12-01,Home,Curtains,1167,1,Bangalore,UPI
1943,2025-03-11,Electronics,Keyboard,1200,3,Pune,Cash on Delivery
1944,2025-04-18,Electronics,Laptop,45005,2,Chennai,Cash on Delivery
1945,2025-07-05,Clothing,Sneakers,2492,3,Chennai,Cash on Delivery
1946,2025-06-08,Home,Curtains,1168,5,Mumbai,Debit Card
1947,2025-06-02,Electronics,Headphones,1981,3,Hyderabad,Credit Card
1948,2025-05-25,Clothing,Sneakers,2472,3,Pune,UPI
1949,2025-09-22,Electronics,Laptop,45016,1,Hyderabad,Cash on Delivery
1950,2025-07-07,Home,Bedsheet,876,5,Bangalore,Cash on Delivery
1951,2025-10-18,Electronics,Headphones,1970,1,Pune,Debit Card
1952,2025-02-15,Clothing,Jeans,1539,2,Bangalore,Cash on Delivery
1953,2025-08-04,Home,Lamp,816,3,Bangalore,Credit Card
1954,2025-05-09,Home,Vase,402,3,Delhi,Credit Card
1955,2025-05-07,Clothing,T-Shirt,461,4,Bangalore,UPI
1956,2025-02-27,Clothing,Jeans,1529,3,Bangalore,Debit Card
1957,2025-09-07,Electronics,Laptop,45000,3,Hyderabad,UPI
1958,2025-11-14,Clothing,Jacket,3001,5,Delhi,UPI
1959,2025-09-30,Electronics,Keyboard,1182,1,Chennai,Debit Card
1960,2025-03-12,Home,Lamp,750,4,Delhi,UPI
1961,2025-11-04,Clothing,Jeans,1480,1,Bangalore,Cash on Delivery
1962,2025-04-01,Clothing,T-Shirt,547,3,Hyderabad,Debit Card
1963,2025-11-10,Clothing,Jeans,1534,2,Chennai,UPI
1964,2025-11-19,Home,Vase,431,1,Bangalore,Debit Card
1965,2025-12-07,Clothing,Jeans,1491,5,Delhi,UPI
1966,2025-12-11,Home,Bedsheet,877,1,Mumbai,Credit Card
1967,2025-06-25,Home,Bedsheet,850,2,Mumbai,Cash on Delivery
1968,2025-04-06,Home,Curtains,1194,4,Chennai,Debit Card
1969,2025-05-29,Electronics,Headphones,2006,2,Pune,Cash on Delivery
1970,2025-12-08,Home,Lamp,811,5,Hyderabad,Credit Card
1971,2025-03-12,Clothing,Jeans,1467,2,Pune,Cash on Delivery
1972,2025-03-30,Clothing,Jeans,1509,5,Chennai,UPI
1973,2025-01-13,Clothing,T-Shirt,522,3,Pune,Debit Card
1974,2025-12-12,Electronics,Mouse,549,1,Bangalore,UPI
1975,2025-02-28,Clothing,Jacket,2952,1,Delhi,UPI
1976,2025-09-28,Electronics,Laptop,45038,4,Pune,Debit Card
1977,2025-08-10,Electronics,Laptop,45010,4,Pune,UPI
1978,2025-11-06,Electronics,Headphones,2024,3,Hyderabad,Debit Card
1979,2025-01-17,Home,Lamp,794,3,Chennai,Debit Card
1980,2025-11-20,Home,Vase,378,1,Hyderabad,Debit Card
1981,2025-06-15,Clothing,T-Shirt,535,5,Hyderabad,Cash on Delivery
1982,2025-03-31,Home,Vase,397,2,Pune,Cash on Delivery
1983,2025-08-20,Home,Curtains,1192,5,Pune,Debit Card
1984,2025-04-05,Home,Vase,365,5,Mumbai,Debit Card
1985,2025-04-27,Home,Curtains,1220,3,Delhi,Credit Card
1986,2025-07-04,Electronics,Laptop,44991,5,Hyderabad,Cash on Delivery
1987,2025-09-04,Electronics,Headphones,1958,3,Pune,Credit Card
1988,2025-09-29,Clothing,Jacket,2961,5,Mumbai,UPI
1989,2025-07-28,Clothing,Jeans,1476,1,Pune,UPI
1990,2025-08-16,Clothing,Sneakers,2538,3,Bangalore,Credit Card
1991,2025-02-09,Clothing,Jacket,3003,4,Bangalore,Credit Card
1992,2025-08-29,Clothing,Sneakers,2498,3,Pune,Credit Card
1993,2025-02-08,Electronics,Headphones,1964,1,Delhi,Cash on Delivery
1994,2025-08-29,Home,Vase,412,4,Pune,Credit Card
1995,2025-01-10,Clothing,Sneakers,2456,4,Mumbai,Cash on Delivery
1996,2025-02-06,Electronics,Mouse,462,5,Mumbai,Debit Card
1997,2025-12-01,Electronics,Laptop,44968,2,Chennai,UPI
1998,2025-07-15,Home,Bedsheet,880,5,Chennai,Debit Card
1999,2025-10-13,Clothing,Jacket,2959,3,Delhi,Credit Card
